
> memories@8.1.0 build
> webpack --node-env production --progress

Building memories 8.1.0 

<s> [webpack.Progress] 0% 

<s> [webpack.Progress] 1% setup before run
<s> [webpack.Progress] 1% setup before run NodeEnvironmentPlugin
<s> [webpack.Progress] 1% setup before run
<s> [webpack.Progress] 2% setup run
<s> [webpack.Progress] 2% setup run webpack-cli
<s> [webpack.Progress] 2% setup run
<s> [webpack.Progress] 4% setup normal module factory
<s> [webpack.Progress] 4% setup normal module factory
<s> [webpack.Progress] 5% setup context module factory
<s> [webpack.Progress] 5% setup context module factory
<s> [webpack.Progress] 6% setup before compile
<s> [webpack.Progress] 6% setup before compile ProgressPlugin
<s> [webpack.Progress] 6% setup before compile
<s> [webpack.Progress] 7% setup compile
<s> [webpack.Progress] 7% setup compile ExternalsPlugin
<s> [webpack.Progress] 7% setup compile
<s> [webpack.Progress] 8% setup compilation
<s> [webpack.Progress] 8% setup compilation InjectManifest
<s> [webpack.Progress] 8% setup compilation ArrayPushCallbackChunkFormatPlugin
<s> [webpack.Progress] 8% setup compilation JsonpChunkLoadingPlugin
<s> [webpack.Progress] 8% setup compilation StartupChunkDependenciesPlugin
<s> [webpack.Progress] 8% setup compilation ImportScriptsChunkLoadingPlugin
<s> [webpack.Progress] 8% setup compilation WorkerPlugin
<s> [webpack.Progress] 8% setup compilation SplitChunksPlugin
<s> [webpack.Progress] 8% setup compilation ResolverCachePlugin
<s> [webpack.Progress] 8% setup compilation
<s> [webpack.Progress] 9% setup compilation
<s> [webpack.Progress] 9% setup compilation ProgressPlugin
<s> [webpack.Progress] 9% setup compilation vue-loader-plugin
<s> [webpack.Progress] 9% setup compilation DefinePlugin
<s> [webpack.Progress] 9% setup compilation DefinePlugin
<s> [webpack.Progress] 9% setup compilation DefinePlugin
<s> [webpack.Progress] 9% setup compilation ProvidePlugin
<s> [webpack.Progress] 9% setup compilation ExternalsPlugin
<s> [webpack.Progress] 9% setup compilation ChunkPrefetchPreloadPlugin
<s> [webpack.Progress] 9% setup compilation SourceMapDevToolPlugin
<s> [webpack.Progress] 9% setup compilation JavascriptModulesPlugin
<s> [webpack.Progress] 9% setup compilation JsonModulesPlugin
<s> [webpack.Progress] 9% setup compilation AssetModulesPlugin
<s> [webpack.Progress] 9% setup compilation EntryPlugin
<s> [webpack.Progress] 9% setup compilation EntryPlugin
<s> [webpack.Progress] 9% setup compilation EntryPlugin
<s> [webpack.Progress] 9% setup compilation RuntimePlugin
<s> [webpack.Progress] 9% setup compilation InferAsyncModulesPlugin
<s> [webpack.Progress] 9% setup compilation DataUriPlugin
<s> [webpack.Progress] 9% setup compilation FileUriPlugin
<s> [webpack.Progress] 9% setup compilation CompatibilityPlugin
<s> [webpack.Progress] 9% setup compilation HarmonyModulesPlugin
<s> [webpack.Progress] 9% setup compilation AMDPlugin
<s> [webpack.Progress] 9% setup compilation RequireJsStuffPlugin
<s> [webpack.Progress] 9% setup compilation CommonJsPlugin
<s> [webpack.Progress] 9% setup compilation LoaderPlugin
<s> [webpack.Progress] 9% setup compilation LoaderPlugin
<s> [webpack.Progress] 9% setup compilation NodeStuffPlugin
<s> [webpack.Progress] 9% setup compilation APIPlugin
<s> [webpack.Progress] 9% setup compilation ExportsInfoApiPlugin
<s> [webpack.Progress] 9% setup compilation WebpackIsIncludedPlugin
<s> [webpack.Progress] 9% setup compilation ConstPlugin
<s> [webpack.Progress] 9% setup compilation UseStrictPlugin
<s> [webpack.Progress] 9% setup compilation RequireIncludePlugin
<s> [webpack.Progress] 9% setup compilation RequireEnsurePlugin
<s> [webpack.Progress] 9% setup compilation RequireContextPlugin
<s> [webpack.Progress] 9% setup compilation ImportPlugin
<s> [webpack.Progress] 9% setup compilation ImportMetaContextPlugin
<s> [webpack.Progress] 9% setup compilation SystemPlugin
<s> [webpack.Progress] 9% setup compilation ImportMetaPlugin
<s> [webpack.Progress] 9% setup compilation URLPlugin
<s> [webpack.Progress] 9% setup compilation DefaultStatsFactoryPlugin
<s> [webpack.Progress] 9% setup compilation DefaultStatsPresetPlugin
<s> [webpack.Progress] 9% setup compilation DefaultStatsPrinterPlugin
<s> [webpack.Progress] 9% setup compilation JavascriptMetaInfoPlugin
<s> [webpack.Progress] 9% setup compilation EnsureChunkConditionsPlugin
<s> [webpack.Progress] 9% setup compilation RemoveEmptyChunksPlugin
<s> [webpack.Progress] 9% setup compilation MergeDuplicateChunksPlugin
<s> [webpack.Progress] 9% setup compilation FlagIncludedChunksPlugin
<s> [webpack.Progress] 9% setup compilation SideEffectsFlagPlugin
<s> [webpack.Progress] 9% setup compilation FlagDependencyExportsPlugin
<s> [webpack.Progress] 9% setup compilation FlagDependencyUsagePlugin
<s> [webpack.Progress] 9% setup compilation InnerGraphPlugin
<s> [webpack.Progress] 9% setup compilation MangleExportsPlugin
<s> [webpack.Progress] 9% setup compilation ModuleConcatenationPlugin
<s> [webpack.Progress] 9% setup compilation NoEmitOnErrorsPlugin
<s> [webpack.Progress] 9% setup compilation RealContentHashPlugin
<s> [webpack.Progress] 9% setup compilation WasmFinalizeExportsPlugin
<s> [webpack.Progress] 9% setup compilation DeterministicModuleIdsPlugin
<s> [webpack.Progress] 9% setup compilation NamedChunkIdsPlugin
<s> [webpack.Progress] 9% setup compilation DefinePlugin
<s> [webpack.Progress] 9% setup compilation TerserPlugin
<s> [webpack.Progress] 9% setup compilation TemplatedPathPlugin
<s> [webpack.Progress] 9% setup compilation RecordIdsPlugin
<s> [webpack.Progress] 9% setup compilation WarnCaseSensitiveModulesPlugin
<s> [webpack.Progress] 9% setup compilation
<s> [webpack.Progress] 10% building
<s> [webpack.Progress] 10% building 0/1 entries 0/0 dependencies 0/0 modules
<s> [webpack.Progress] 10% building import loader ../node_modules/ts-loader/index.js
<s> [webpack.Progress] 10% building 0/3 entries 3/3 dependencies 0/3 modules
<s> [webpack.Progress] 21% building 1/3 entries 3/14 dependencies 1/3 modules
<s> [webpack.Progress] 28% building import loader ../node_modules/vue-loader/dist/index.js
<s> [webpack.Progress] 28% building 1/3 entries 10/29 dependencies 1/9 modules
<s> [webpack.Progress] 28% building import loader ../node_modules/style-loader/dist/cjs.js
<s> [webpack.Progress] 28% building import loader ../node_modules/css-loader/dist/cjs.js
<s> [webpack.Progress] 28% building import loader ../node_modules/sass-loader/dist/cjs.js
<s> [webpack.Progress] 28% building 1/3 entries 35/54 dependencies 1/32 modules
<s> [webpack.Progress] 28% building import loader ../node_modules/vue-loader/dist/pitcher.js
<s> [webpack.Progress] 28% building 1/3 entries 75/116 dependencies 1/65 modules
<s> [webpack.Progress] 28% building import loader ../node_modules/vue-loader/dist/templateLoader.js
<s> [webpack.Progress] 28% building 1/3 entries 75/116 dependencies 1/65 modules
<s> [webpack.Progress] 28% building import loader ../node_modules/vue-loader/dist/stylePostLoader.js
<s> [webpack.Progress] 28% building 1/3 entries 148/153 dependencies 7/101 modules
<s> [webpack.Progress] 28% building 1/3 entries 254/300 dependencies 25/121 modules
<s> [webpack.Progress] 28% building 1/3 entries 600/636 dependencies 80/321 modules
<s> [webpack.Progress] 28% building 1/3 entries 1148/1219 dependencies 205/600 modules
<s> [webpack.Progress] 28% building 1/3 entries 1500/1579 dependencies 235/721 modules
<s> [webpack.Progress] 28% building 1/3 entries 1898/2000 dependencies 324/825 modules
<s> [webpack.Progress] 28% building 1/3 entries 2180/2183 dependencies 412/900 modules
<s> [webpack.Progress] 28% building 1/3 entries 2457/2500 dependencies 488/1013 modules
<s> [webpack.Progress] 28% building 1/3 entries 2900/2931 dependencies 711/1180 modules
[1m[33m[@vue/compiler-sfc][0m[33m :deep usage as a combinator has been deprecated. Use :deep(<inner-selector>) instead of :deep <inner-selector>.[0m

[1m[33m[@vue/compiler-sfc][0m[33m :deep usage as a combinator has been deprecated. Use :deep(<inner-selector>) instead of :deep <inner-selector>.[0m

<s> [webpack.Progress] 28% building 1/3 entries 3400/3438 dependencies 860/1292 modules
<s> [webpack.Progress] 28% building 1/3 entries 4000/4190 dependencies 1172/1533 modules
<s> [webpack.Progress] 28% building 1/3 entries 5093/5100 dependencies 1443/2182 modules
<s> [webpack.Progress] 32% building 1/3 entries 5740/5800 dependencies 2060/2285 modules
<s> [webpack.Progress] 37% building 1/3 entries 7274/7300 dependencies 2539/2896 modules
<s> [webpack.Progress] 41% building 1/3 entries 9954/10100 dependencies 2879/3852 modules
<s> [webpack.Progress] 46% building 2/3 entries 11089/11171 dependencies 3300/4032 modules
<s> [webpack.Progress] 55% building 2/3 entries 12578/12600 dependencies 4150/4289 modules
<s> [webpack.Progress] 65% building 3/3 entries 12713/12713 dependencies 4304/4304 modules
<s> [webpack.Progress] 65% building
<s> [webpack.Progress] 69% building finish
<s> [webpack.Progress] 69% building finish
<s> [webpack.Progress] 70% sealing finish module graph
<s> [webpack.Progress] 70% sealing finish module graph ResolverCachePlugin
<s> [webpack.Progress] 70% sealing finish module graph InferAsyncModulesPlugin
<s> [webpack.Progress] 70% sealing finish module graph FlagDependencyExportsPlugin
<s> [webpack.Progress] 70% sealing finish module graph InnerGraphPlugin
<s> [webpack.Progress] 70% sealing finish module graph WasmFinalizeExportsPlugin
<s> [webpack.Progress] 70% sealing finish module graph
<s> [webpack.Progress] 70% sealing plugins
<s> [webpack.Progress] 70% sealing plugins WarnCaseSensitiveModulesPlugin
<s> [webpack.Progress] 70% sealing plugins
<s> [webpack.Progress] 71% sealing dependencies optimization
<s> [webpack.Progress] 71% sealing dependencies optimization SideEffectsFlagPlugin
<s> [webpack.Progress] 71% sealing dependencies optimization FlagDependencyUsagePlugin
<s> [webpack.Progress] 71% sealing dependencies optimization
<s> [webpack.Progress] 71% sealing after dependencies optimization
<s> [webpack.Progress] 71% sealing after dependencies optimization
<s> [webpack.Progress] 72% sealing chunk graph
<s> [webpack.Progress] 72% sealing chunk graph
<s> [webpack.Progress] 73% sealing after chunk graph
<s> [webpack.Progress] 73% sealing after chunk graph
<s> [webpack.Progress] 73% sealing optimizing
<s> [webpack.Progress] 73% sealing optimizing
<s> [webpack.Progress] 74% sealing module optimization
<s> [webpack.Progress] 74% sealing module optimization
<s> [webpack.Progress] 75% sealing after module optimization
<s> [webpack.Progress] 75% sealing after module optimization
<s> [webpack.Progress] 75% sealing chunk optimization
<s> [webpack.Progress] 75% sealing chunk optimization EnsureChunkConditionsPlugin
<s> [webpack.Progress] 75% sealing chunk optimization RemoveEmptyChunksPlugin
<s> [webpack.Progress] 75% sealing chunk optimization MergeDuplicateChunksPlugin
<s> [webpack.Progress] 75% sealing chunk optimization SplitChunksPlugin
<s> [webpack.Progress] 75% sealing chunk optimization RemoveEmptyChunksPlugin
<s> [webpack.Progress] 75% sealing chunk optimization
<s> [webpack.Progress] 76% sealing after chunk optimization
<s> [webpack.Progress] 76% sealing after chunk optimization
<s> [webpack.Progress] 77% sealing module and chunk tree optimization
<s> [webpack.Progress] 77% sealing module and chunk tree optimization
<s> [webpack.Progress] 77% sealing after module and chunk tree optimization
<s> [webpack.Progress] 77% sealing after module and chunk tree optimization
<s> [webpack.Progress] 78% sealing chunk modules optimization
<s> [webpack.Progress] 78% sealing chunk modules optimization ModuleConcatenationPlugin
<s> [webpack.Progress] 78% sealing chunk modules optimization
<s> [webpack.Progress] 78% sealing after chunk modules optimization
<s> [webpack.Progress] 78% sealing after chunk modules optimization
<s> [webpack.Progress] 79% sealing module reviving
<s> [webpack.Progress] 79% sealing module reviving RecordIdsPlugin
<s> [webpack.Progress] 79% sealing module reviving
<s> [webpack.Progress] 80% sealing before module ids
<s> [webpack.Progress] 80% sealing before module ids
<s> [webpack.Progress] 80% sealing module ids
<s> [webpack.Progress] 80% sealing module ids DeterministicModuleIdsPlugin
<s> [webpack.Progress] 80% sealing module ids
<s> [webpack.Progress] 81% sealing module id optimization
<s> [webpack.Progress] 81% sealing module id optimization
<s> [webpack.Progress] 82% sealing module id optimization
<s> [webpack.Progress] 82% sealing module id optimization
<s> [webpack.Progress] 82% sealing chunk reviving
<s> [webpack.Progress] 82% sealing chunk reviving RecordIdsPlugin
<s> [webpack.Progress] 82% sealing chunk reviving
<s> [webpack.Progress] 83% sealing before chunk ids
<s> [webpack.Progress] 83% sealing before chunk ids
<s> [webpack.Progress] 84% sealing chunk ids
<s> [webpack.Progress] 84% sealing chunk ids NamedChunkIdsPlugin
<s> [webpack.Progress] 84% sealing chunk ids
<s> [webpack.Progress] 84% sealing chunk id optimization
<s> [webpack.Progress] 84% sealing chunk id optimization FlagIncludedChunksPlugin
<s> [webpack.Progress] 84% sealing chunk id optimization
<s> [webpack.Progress] 85% sealing after chunk id optimization
<s> [webpack.Progress] 85% sealing after chunk id optimization
<s> [webpack.Progress] 86% sealing record modules
<s> [webpack.Progress] 86% sealing record modules RecordIdsPlugin
<s> [webpack.Progress] 86% sealing record modules
<s> [webpack.Progress] 86% sealing record chunks
<s> [webpack.Progress] 86% sealing record chunks RecordIdsPlugin
<s> [webpack.Progress] 86% sealing record chunks
<s> [webpack.Progress] 87% sealing module hashing
<s> [webpack.Progress] 87% sealing module hashing
<s> [webpack.Progress] 87% sealing code generation
<s> [webpack.Progress] 87% sealing code generation
<s> [webpack.Progress] 88% sealing runtime requirements
<s> [webpack.Progress] 88% sealing runtime requirements
<s> [webpack.Progress] 89% sealing hashing
<s> [webpack.Progress] 89% sealing hashing
<s> [webpack.Progress] 89% sealing after hashing
<s> [webpack.Progress] 89% sealing after hashing
<s> [webpack.Progress] 90% sealing record hash
<s> [webpack.Progress] 90% sealing record hash
<s> [webpack.Progress] 91% sealing module assets processing
<s> [webpack.Progress] 91% sealing module assets processing
<s> [webpack.Progress] 91% sealing chunk assets processing
<s> [webpack.Progress] 91% sealing chunk assets processing
<s> [webpack.Progress] 92% sealing asset processing
<s> [webpack.Progress] 92% sealing asset processing TerserPlugin
<s> [webpack.Progress] 92% sealing asset processing SourceMapDevToolPlugin
<s> [webpack.Progress] 92% sealing asset processing SourceMapDevToolPlugin
<s> [webpack.Progress] 92% sealing asset processing SourceMapDevToolPlugin memories-main.js?v=398856410a4a021eb96f generate SourceMap
<s> [webpack.Progress] 92% sealing asset processing SourceMapDevToolPlugin memories-main.js?v=398856410a4a021eb96f generated SourceMap
<s> [webpack.Progress] 92% sealing asset processing SourceMapDevToolPlugin memories-admin.js?v=6bfe0975ecd8a88d90e9 generate SourceMap
<s> [webpack.Progress] 92% sealing asset processing SourceMapDevToolPlugin memories-admin.js?v=6bfe0975ecd8a88d90e9 generated SourceMap
<s> [webpack.Progress] 92% sealing asset processing SourceMapDevToolPlugin memories-hooks-clear-cache.js?v=51c4596759c669a093b4 generate SourceMap
<s> [webpack.Progress] 92% sealing asset processing SourceMapDevToolPlugin memories-hooks-clear-cache.js?v=51c4596759c669a093b4 generated SourceMap
<s> [webpack.Progress] 92% sealing asset processing SourceMapDevToolPlugin memories-node_modules_nextcloud_dialogs_dist_chunks_ConflictPicker_mjs.js?v=317e00519195659608c2 generate SourceMap
<s> [webpack.Progress] 92% sealing asset processing SourceMapDevToolPlugin memories-node_modules_nextcloud_dialogs_dist_chunks_ConflictPicker_mjs.js?v=317e00519195659608c2 generated SourceMap
<s> [webpack.Progress] 92% sealing asset processing SourceMapDevToolPlugin memories-_a687-_7beb.js?v=a843915e68f29544ae28 generate SourceMap
<s> [webpack.Progress] 92% sealing asset processing SourceMapDevToolPlugin memories-_a687-_7beb.js?v=a843915e68f29544ae28 generated SourceMap
<s> [webpack.Progress] 92% sealing asset processing SourceMapDevToolPlugin memories-node_modules_nextcloud_dialogs_dist_chunks_PublicAuthPrompt_mjs.js?v=30a62c1b13f8f891fca8 generate SourceMap
<s> [webpack.Progress] 92% sealing asset processing SourceMapDevToolPlugin memories-node_modules_nextcloud_dialogs_dist_chunks_PublicAuthPrompt_mjs.js?v=30a62c1b13f8f891fca8 generated SourceMap
<s> [webpack.Progress] 92% sealing asset processing SourceMapDevToolPlugin memories-vendors-node_modules_nextcloud_vue_dist_components_NcAppNavigationItem_index_mjs.js?v=f4b9bac3d0bc78bdd4b8 generate SourceMap
<s> [webpack.Progress] 92% sealing asset processing SourceMapDevToolPlugin memories-vendors-node_modules_nextcloud_vue_dist_components_NcAppNavigationItem_index_mjs.js?v=f4b9bac3d0bc78bdd4b8 generated SourceMap
<s> [webpack.Progress] 92% sealing asset processing SourceMapDevToolPlugin memories-components_frame_XImgWorkerStub_ts.js?v=8410f728080242feda7f generate SourceMap
<s> [webpack.Progress] 92% sealing asset processing SourceMapDevToolPlugin memories-components_frame_XImgWorkerStub_ts.js?v=8410f728080242feda7f generated SourceMap
<s> [webpack.Progress] 92% sealing asset processing SourceMapDevToolPlugin memories-vendors-node_modules_filerobot-image-editor_lib_index_js.js?v=30cffc9e8ce2944f1972 generate SourceMap
<s> [webpack.Progress] 92% sealing asset processing SourceMapDevToolPlugin memories-vendors-node_modules_filerobot-image-editor_lib_index_js.js?v=30cffc9e8ce2944f1972 generated SourceMap
<s> [webpack.Progress] 92% sealing asset processing SourceMapDevToolPlugin memories-services_videojs_ts-data_application_font-woff_charset_utf-8_base64_d09GRgABAAAAABTsAAsAAAAAI-e22c5e.js?v=6728b111c115f706e585 generate SourceMap
<s> [webpack.Progress] 92% sealing asset processing SourceMapDevToolPlugin memories-services_videojs_ts-data_application_font-woff_charset_utf-8_base64_d09GRgABAAAAABTsAAsAAAAAI-e22c5e.js?v=6728b111c115f706e585 generated SourceMap
<s> [webpack.Progress] 92% sealing asset processing SourceMapDevToolPlugin memories-node_modules_nextcloud_vue_dist_components_NcProgressBar_index_mjs.js?v=80c59c3eac5e24de30ce generate SourceMap
<s> [webpack.Progress] 92% sealing asset processing SourceMapDevToolPlugin memories-node_modules_nextcloud_vue_dist_components_NcProgressBar_index_mjs.js?v=80c59c3eac5e24de30ce generated SourceMap
<s> [webpack.Progress] 92% sealing asset processing SourceMapDevToolPlugin memories-node_modules_nextcloud_vue_dist_components_NcTextField_index_mjs.js?v=a6021fe42ab53318ebcf generate SourceMap
<s> [webpack.Progress] 92% sealing asset processing SourceMapDevToolPlugin memories-node_modules_nextcloud_vue_dist_components_NcTextField_index_mjs.js?v=a6021fe42ab53318ebcf generated SourceMap
<s> [webpack.Progress] 92% sealing asset processing SourceMapDevToolPlugin memories-node_modules_nextcloud_vue_dist_components_NcModal_index_mjs.js?v=4d0760e18bc48dd251c9 generate SourceMap
<s> [webpack.Progress] 92% sealing asset processing SourceMapDevToolPlugin memories-node_modules_nextcloud_vue_dist_components_NcModal_index_mjs.js?v=4d0760e18bc48dd251c9 generated SourceMap
<s> [webpack.Progress] 92% sealing asset processing SourceMapDevToolPlugin memories-node_modules_nextcloud_vue_dist_components_NcPopover_index_mjs.js?v=f0f775d4f0cd5ff40c27 generate SourceMap
<s> [webpack.Progress] 92% sealing asset processing SourceMapDevToolPlugin memories-node_modules_nextcloud_vue_dist_components_NcPopover_index_mjs.js?v=f0f775d4f0cd5ff40c27 generated SourceMap
<s> [webpack.Progress] 92% sealing asset processing SourceMapDevToolPlugin memories-node_modules_nextcloud_vue_dist_components_NcListItemIcon_index_mjs.js?v=419b6d22deedf0dd8e4b generate SourceMap
<s> [webpack.Progress] 92% sealing asset processing SourceMapDevToolPlugin memories-node_modules_nextcloud_vue_dist_components_NcListItemIcon_index_mjs.js?v=419b6d22deedf0dd8e4b generated SourceMap
<s> [webpack.Progress] 92% sealing asset processing SourceMapDevToolPlugin memories-node_modules_nextcloud_vue_dist_components_NcAvatar_index_mjs.js?v=a5b0e0d8926ba0662d5b generate SourceMap
<s> [webpack.Progress] 92% sealing asset processing SourceMapDevToolPlugin memories-node_modules_nextcloud_vue_dist_components_NcAvatar_index_mjs.js?v=a5b0e0d8926ba0662d5b generated SourceMap
<s> [webpack.Progress] 92% sealing asset processing SourceMapDevToolPlugin memories-vendors-node_modules_nextcloud_vue_dist_components_NcAppSettingsDialog_index_mjs.js?v=af31c2dd79fc4cbfef25 generate SourceMap
<s> [webpack.Progress] 92% sealing asset processing SourceMapDevToolPlugin memories-vendors-node_modules_nextcloud_vue_dist_components_NcAppSettingsDialog_index_mjs.js?v=af31c2dd79fc4cbfef25 generated SourceMap
<s> [webpack.Progress] 92% sealing asset processing SourceMapDevToolPlugin memories-node_modules_nextcloud_vue_dist_components_NcAppSettingsSection_index_mjs.js?v=d507eb5a69f49a6849ad generate SourceMap
<s> [webpack.Progress] 92% sealing asset processing SourceMapDevToolPlugin memories-node_modules_nextcloud_vue_dist_components_NcAppSettingsSection_index_mjs.js?v=d507eb5a69f49a6849ad generated SourceMap
<s> [webpack.Progress] 92% sealing asset processing SourceMapDevToolPlugin memories-node_modules_nextcloud_vue_dist_components_NcCheckboxRadioSwitch_index_mjs.js?v=2530892ca78a257955c3 generate SourceMap
<s> [webpack.Progress] 92% sealing asset processing SourceMapDevToolPlugin memories-node_modules_nextcloud_vue_dist_components_NcCheckboxRadioSwitch_index_mjs.js?v=2530892ca78a257955c3 generated SourceMap
<s> [webpack.Progress] 92% sealing asset processing SourceMapDevToolPlugin memories-vendors-node_modules_nextcloud_vue_dist_components_NcListItem_index_mjs.js?v=c495a231df78be6d9923 generate SourceMap
<s> [webpack.Progress] 92% sealing asset processing SourceMapDevToolPlugin memories-vendors-node_modules_nextcloud_vue_dist_components_NcListItem_index_mjs.js?v=c495a231df78be6d9923 generated SourceMap
<s> [webpack.Progress] 92% sealing asset processing SourceMapDevToolPlugin memories-components_top-matter_MapSplitMatter_vue.js?v=65c9f805f691da7e0b5b generate SourceMap
<s> [webpack.Progress] 92% sealing asset processing SourceMapDevToolPlugin memories-components_top-matter_MapSplitMatter_vue.js?v=65c9f805f691da7e0b5b generated SourceMap
<s> [webpack.Progress] 92% sealing asset processing SourceMapDevToolPlugin memories-node_modules_nextcloud_vue_dist_components_NcSelectTags_index_mjs.js?v=72c9b3cd029d7cbb7a1f generate SourceMap
<s> [webpack.Progress] 92% sealing asset processing SourceMapDevToolPlugin memories-node_modules_nextcloud_vue_dist_components_NcSelectTags_index_mjs.js?v=72c9b3cd029d7cbb7a1f generated SourceMap
<s> [webpack.Progress] 92% sealing asset processing SourceMapDevToolPlugin memories-components_frame_XImgWorker_ts.js?v=fca1abf8dbd05f9a052f generate SourceMap
<s> [webpack.Progress] 92% sealing asset processing SourceMapDevToolPlugin memories-components_frame_XImgWorker_ts.js?v=fca1abf8dbd05f9a052f generated SourceMap
<s> [webpack.Progress] 92% sealing asset processing SourceMapDevToolPlugin memories-vendors-node_modules_nextcloud_vue_dist_components_NcColorPicker_index_mjs.js?v=6b2732ddac280b402d0e generate SourceMap
<s> [webpack.Progress] 92% sealing asset processing SourceMapDevToolPlugin memories-vendors-node_modules_nextcloud_vue_dist_components_NcColorPicker_index_mjs.js?v=6b2732ddac280b402d0e generated SourceMap
<s> [webpack.Progress] 92% sealing asset processing SourceMapDevToolPlugin memories-vendors-node_modules_nextcloud_vue_dist_components_NcDateTimePicker_index_mjs.js?v=820a1a54d55bd1af9c7d generate SourceMap
<s> [webpack.Progress] 92% sealing asset processing SourceMapDevToolPlugin memories-vendors-node_modules_nextcloud_vue_dist_components_NcDateTimePicker_index_mjs.js?v=820a1a54d55bd1af9c7d generated SourceMap
<s> [webpack.Progress] 92% sealing asset processing SourceMapDevToolPlugin memories-vendors-node_modules_nextcloud_vue_dist_chunks_NcProfileHoverCard_mjs.js?v=749bd95715f8d1135645 generate SourceMap
<s> [webpack.Progress] 92% sealing asset processing SourceMapDevToolPlugin memories-vendors-node_modules_nextcloud_vue_dist_chunks_NcProfileHoverCard_mjs.js?v=749bd95715f8d1135645 generated SourceMap
<s> [webpack.Progress] 92% sealing asset processing SourceMapDevToolPlugin memories-vendors-node_modules_leaflet_dist_leaflet-src_esm_js.js?v=d2cfad3359c26944bcae generate SourceMap
<s> [webpack.Progress] 92% sealing asset processing SourceMapDevToolPlugin memories-vendors-node_modules_leaflet_dist_leaflet-src_esm_js.js?v=d2cfad3359c26944bcae generated SourceMap
<s> [webpack.Progress] 92% sealing asset processing SourceMapDevToolPlugin memories-node_modules_date-fns_locale_af_js.js?v=85d68c753497002d0e47 generate SourceMap
<s> [webpack.Progress] 92% sealing asset processing SourceMapDevToolPlugin memories-node_modules_date-fns_locale_af_js.js?v=85d68c753497002d0e47 generated SourceMap
<s> [webpack.Progress] 92% sealing asset processing SourceMapDevToolPlugin memories-node_modules_date-fns_locale_ar-DZ_js.js?v=81bb6060fb7b9a5e58ec generate SourceMap
<s> [webpack.Progress] 92% sealing asset processing SourceMapDevToolPlugin memories-node_modules_date-fns_locale_ar-DZ_js.js?v=81bb6060fb7b9a5e58ec generated SourceMap
<s> [webpack.Progress] 92% sealing asset processing SourceMapDevToolPlugin memories-node_modules_date-fns_locale_ar-EG_js.js?v=16eeefa366698b603404 generate SourceMap
<s> [webpack.Progress] 92% sealing asset processing SourceMapDevToolPlugin memories-node_modules_date-fns_locale_ar-EG_js.js?v=16eeefa366698b603404 generated SourceMap
<s> [webpack.Progress] 92% sealing asset processing SourceMapDevToolPlugin memories-node_modules_date-fns_locale_ar-MA_js.js?v=3fada3429cd9f5771755 generate SourceMap
<s> [webpack.Progress] 92% sealing asset processing SourceMapDevToolPlugin memories-node_modules_date-fns_locale_ar-MA_js.js?v=3fada3429cd9f5771755 generated SourceMap
<s> [webpack.Progress] 92% sealing asset processing SourceMapDevToolPlugin memories-node_modules_date-fns_locale_ar-SA_js.js?v=b745f4c771f70df23caf generate SourceMap
<s> [webpack.Progress] 92% sealing asset processing SourceMapDevToolPlugin memories-node_modules_date-fns_locale_ar-SA_js.js?v=b745f4c771f70df23caf generated SourceMap
<s> [webpack.Progress] 92% sealing asset processing SourceMapDevToolPlugin memories-node_modules_date-fns_locale_ar-TN_js.js?v=b35e7bacadb95b577015 generate SourceMap
<s> [webpack.Progress] 92% sealing asset processing SourceMapDevToolPlugin memories-node_modules_date-fns_locale_ar-TN_js.js?v=b35e7bacadb95b577015 generated SourceMap
<s> [webpack.Progress] 92% sealing asset processing SourceMapDevToolPlugin memories-node_modules_date-fns_locale_ar_js.js?v=bb60aec076d6ec66500e generate SourceMap
<s> [webpack.Progress] 92% sealing asset processing SourceMapDevToolPlugin memories-node_modules_date-fns_locale_ar_js.js?v=bb60aec076d6ec66500e generated SourceMap
<s> [webpack.Progress] 92% sealing asset processing SourceMapDevToolPlugin memories-node_modules_date-fns_locale_az_js.js?v=792b540862341c9ea21b generate SourceMap
<s> [webpack.Progress] 92% sealing asset processing SourceMapDevToolPlugin memories-node_modules_date-fns_locale_az_js.js?v=792b540862341c9ea21b generated SourceMap
<s> [webpack.Progress] 92% sealing asset processing SourceMapDevToolPlugin memories-vendors-node_modules_date-fns_locale_be-tarask_js.js?v=e9d1b468124bb4e8d696 generate SourceMap
<s> [webpack.Progress] 92% sealing asset processing SourceMapDevToolPlugin memories-vendors-node_modules_date-fns_locale_be-tarask_js.js?v=e9d1b468124bb4e8d696 generated SourceMap
<s> [webpack.Progress] 92% sealing asset processing SourceMapDevToolPlugin memories-vendors-node_modules_date-fns_locale_be_js.js?v=bea81616850a78e9aced generate SourceMap
<s> [webpack.Progress] 92% sealing asset processing SourceMapDevToolPlugin memories-vendors-node_modules_date-fns_locale_be_js.js?v=bea81616850a78e9aced generated SourceMap
<s> [webpack.Progress] 92% sealing asset processing SourceMapDevToolPlugin memories-node_modules_date-fns_locale_bg_js.js?v=5fa42a4d4d94afebeac4 generate SourceMap
<s> [webpack.Progress] 92% sealing asset processing SourceMapDevToolPlugin memories-node_modules_date-fns_locale_bg_js.js?v=5fa42a4d4d94afebeac4 generated SourceMap
<s> [webpack.Progress] 92% sealing asset processing SourceMapDevToolPlugin memories-node_modules_date-fns_locale_bn_js.js?v=a44d145f9d589a903691 generate SourceMap
<s> [webpack.Progress] 92% sealing asset processing SourceMapDevToolPlugin memories-node_modules_date-fns_locale_bn_js.js?v=a44d145f9d589a903691 generated SourceMap
<s> [webpack.Progress] 92% sealing asset processing SourceMapDevToolPlugin memories-node_modules_date-fns_locale_bs_js.js?v=af674b1eeffade0fe4cd generate SourceMap
<s> [webpack.Progress] 92% sealing asset processing SourceMapDevToolPlugin memories-node_modules_date-fns_locale_bs_js.js?v=af674b1eeffade0fe4cd generated SourceMap
<s> [webpack.Progress] 92% sealing asset processing SourceMapDevToolPlugin memories-node_modules_date-fns_locale_ca_js.js?v=9433b0a636816a778f8d generate SourceMap
<s> [webpack.Progress] 92% sealing asset processing SourceMapDevToolPlugin memories-node_modules_date-fns_locale_ca_js.js?v=9433b0a636816a778f8d generated SourceMap
<s> [webpack.Progress] 92% sealing asset processing SourceMapDevToolPlugin memories-node_modules_date-fns_locale_ckb_js.js?v=276d767d0b110b4a2b1f generate SourceMap
<s> [webpack.Progress] 92% sealing asset processing SourceMapDevToolPlugin memories-node_modules_date-fns_locale_ckb_js.js?v=276d767d0b110b4a2b1f generated SourceMap
<s> [webpack.Progress] 92% sealing asset processing SourceMapDevToolPlugin memories-node_modules_date-fns_locale_cs_js.js?v=1d0e6d8738a001a76055 generate SourceMap
<s> [webpack.Progress] 92% sealing asset processing SourceMapDevToolPlugin memories-node_modules_date-fns_locale_cs_js.js?v=1d0e6d8738a001a76055 generated SourceMap
<s> [webpack.Progress] 92% sealing asset processing SourceMapDevToolPlugin memories-node_modules_date-fns_locale_cy_js.js?v=2a745f753e6119b68250 generate SourceMap
<s> [webpack.Progress] 92% sealing asset processing SourceMapDevToolPlugin memories-node_modules_date-fns_locale_cy_js.js?v=2a745f753e6119b68250 generated SourceMap
<s> [webpack.Progress] 92% sealing asset processing SourceMapDevToolPlugin memories-node_modules_date-fns_locale_da_js.js?v=72ddac20c4a88c42c841 generate SourceMap
<s> [webpack.Progress] 92% sealing asset processing SourceMapDevToolPlugin memories-node_modules_date-fns_locale_da_js.js?v=72ddac20c4a88c42c841 generated SourceMap
<s> [webpack.Progress] 92% sealing asset processing SourceMapDevToolPlugin memories-node_modules_date-fns_locale_de-AT_js.js?v=e21886aff58873073f57 generate SourceMap
<s> [webpack.Progress] 92% sealing asset processing SourceMapDevToolPlugin memories-node_modules_date-fns_locale_de-AT_js.js?v=e21886aff58873073f57 generated SourceMap
<s> [webpack.Progress] 92% sealing asset processing SourceMapDevToolPlugin memories-node_modules_date-fns_locale_de_js.js?v=ee0e9a1cfab744f8e6d3 generate SourceMap
<s> [webpack.Progress] 92% sealing asset processing SourceMapDevToolPlugin memories-node_modules_date-fns_locale_de_js.js?v=ee0e9a1cfab744f8e6d3 generated SourceMap
<s> [webpack.Progress] 92% sealing asset processing SourceMapDevToolPlugin memories-node_modules_date-fns_locale_el_js.js?v=3bed86f8eff20b63b169 generate SourceMap
<s> [webpack.Progress] 92% sealing asset processing SourceMapDevToolPlugin memories-node_modules_date-fns_locale_el_js.js?v=3bed86f8eff20b63b169 generated SourceMap
<s> [webpack.Progress] 92% sealing asset processing SourceMapDevToolPlugin memories-node_modules_date-fns_locale_en-AU_js.js?v=51924ca12f78b964f31d generate SourceMap
<s> [webpack.Progress] 92% sealing asset processing SourceMapDevToolPlugin memories-node_modules_date-fns_locale_en-AU_js.js?v=51924ca12f78b964f31d generated SourceMap
<s> [webpack.Progress] 92% sealing asset processing SourceMapDevToolPlugin memories-node_modules_date-fns_locale_en-CA_js.js?v=2095e835f20244fe40b3 generate SourceMap
<s> [webpack.Progress] 92% sealing asset processing SourceMapDevToolPlugin memories-node_modules_date-fns_locale_en-CA_js.js?v=2095e835f20244fe40b3 generated SourceMap
<s> [webpack.Progress] 92% sealing asset processing SourceMapDevToolPlugin memories-node_modules_date-fns_locale_en-GB_js.js?v=ab009ef82b8122b5d4aa generate SourceMap
<s> [webpack.Progress] 92% sealing asset processing SourceMapDevToolPlugin memories-node_modules_date-fns_locale_en-GB_js.js?v=ab009ef82b8122b5d4aa generated SourceMap
<s> [webpack.Progress] 92% sealing asset processing SourceMapDevToolPlugin memories-node_modules_date-fns_locale_en-IE_js.js?v=cee0f26f777230148e06 generate SourceMap
<s> [webpack.Progress] 92% sealing asset processing SourceMapDevToolPlugin memories-node_modules_date-fns_locale_en-IE_js.js?v=cee0f26f777230148e06 generated SourceMap
<s> [webpack.Progress] 92% sealing asset processing SourceMapDevToolPlugin memories-node_modules_date-fns_locale_en-IN_js.js?v=1841d2554d0a61b6d042 generate SourceMap
<s> [webpack.Progress] 92% sealing asset processing SourceMapDevToolPlugin memories-node_modules_date-fns_locale_en-IN_js.js?v=1841d2554d0a61b6d042 generated SourceMap
<s> [webpack.Progress] 92% sealing asset processing SourceMapDevToolPlugin memories-node_modules_date-fns_locale_en-NZ_js.js?v=2c8afe00787b5c93c63e generate SourceMap
<s> [webpack.Progress] 92% sealing asset processing SourceMapDevToolPlugin memories-node_modules_date-fns_locale_en-NZ_js.js?v=2c8afe00787b5c93c63e generated SourceMap
<s> [webpack.Progress] 92% sealing asset processing SourceMapDevToolPlugin memories-node_modules_date-fns_locale_en-ZA_js.js?v=3e772edabbfc7c6322f7 generate SourceMap
<s> [webpack.Progress] 92% sealing asset processing SourceMapDevToolPlugin memories-node_modules_date-fns_locale_en-ZA_js.js?v=3e772edabbfc7c6322f7 generated SourceMap
<s> [webpack.Progress] 92% sealing asset processing SourceMapDevToolPlugin memories-node_modules_date-fns_locale_eo_js.js?v=972934bfe2264d03bafb generate SourceMap
<s> [webpack.Progress] 92% sealing asset processing SourceMapDevToolPlugin memories-node_modules_date-fns_locale_eo_js.js?v=972934bfe2264d03bafb generated SourceMap
<s> [webpack.Progress] 92% sealing asset processing SourceMapDevToolPlugin memories-node_modules_date-fns_locale_es_js.js?v=d85fe967e4502b74aa39 generate SourceMap
<s> [webpack.Progress] 92% sealing asset processing SourceMapDevToolPlugin memories-node_modules_date-fns_locale_es_js.js?v=d85fe967e4502b74aa39 generated SourceMap
<s> [webpack.Progress] 92% sealing asset processing SourceMapDevToolPlugin memories-node_modules_date-fns_locale_et_js.js?v=9d177a38e6cb20866a96 generate SourceMap
<s> [webpack.Progress] 92% sealing asset processing SourceMapDevToolPlugin memories-node_modules_date-fns_locale_et_js.js?v=9d177a38e6cb20866a96 generated SourceMap
<s> [webpack.Progress] 92% sealing asset processing SourceMapDevToolPlugin memories-node_modules_date-fns_locale_eu_js.js?v=cd524142f1746bd75511 generate SourceMap
<s> [webpack.Progress] 92% sealing asset processing SourceMapDevToolPlugin memories-node_modules_date-fns_locale_eu_js.js?v=cd524142f1746bd75511 generated SourceMap
<s> [webpack.Progress] 92% sealing asset processing SourceMapDevToolPlugin memories-node_modules_date-fns_locale_fa-IR_js.js?v=4d9bc2cc01794fe250db generate SourceMap
<s> [webpack.Progress] 92% sealing asset processing SourceMapDevToolPlugin memories-node_modules_date-fns_locale_fa-IR_js.js?v=4d9bc2cc01794fe250db generated SourceMap
<s> [webpack.Progress] 92% sealing asset processing SourceMapDevToolPlugin memories-node_modules_date-fns_locale_fi_js.js?v=8615f33ff586505eaa30 generate SourceMap
<s> [webpack.Progress] 92% sealing asset processing SourceMapDevToolPlugin memories-node_modules_date-fns_locale_fi_js.js?v=8615f33ff586505eaa30 generated SourceMap
<s> [webpack.Progress] 92% sealing asset processing SourceMapDevToolPlugin memories-node_modules_date-fns_locale_fr-CA_js.js?v=a670c3f6631ef4366027 generate SourceMap
<s> [webpack.Progress] 92% sealing asset processing SourceMapDevToolPlugin memories-node_modules_date-fns_locale_fr-CA_js.js?v=a670c3f6631ef4366027 generated SourceMap
<s> [webpack.Progress] 92% sealing asset processing SourceMapDevToolPlugin memories-node_modules_date-fns_locale_fr-CH_js.js?v=dc98a9ec6eac8114d2ec generate SourceMap
<s> [webpack.Progress] 92% sealing asset processing SourceMapDevToolPlugin memories-node_modules_date-fns_locale_fr-CH_js.js?v=dc98a9ec6eac8114d2ec generated SourceMap
<s> [webpack.Progress] 92% sealing asset processing SourceMapDevToolPlugin memories-node_modules_date-fns_locale_fr_js.js?v=a11627190217c18addec generate SourceMap
<s> [webpack.Progress] 92% sealing asset processing SourceMapDevToolPlugin memories-node_modules_date-fns_locale_fr_js.js?v=a11627190217c18addec generated SourceMap
<s> [webpack.Progress] 92% sealing asset processing SourceMapDevToolPlugin memories-node_modules_date-fns_locale_fy_js.js?v=9044bbd16716a217383a generate SourceMap
<s> [webpack.Progress] 92% sealing asset processing SourceMapDevToolPlugin memories-node_modules_date-fns_locale_fy_js.js?v=9044bbd16716a217383a generated SourceMap
<s> [webpack.Progress] 92% sealing asset processing SourceMapDevToolPlugin memories-node_modules_date-fns_locale_gd_js.js?v=b6ebdff095b0f01700ee generate SourceMap
<s> [webpack.Progress] 92% sealing asset processing SourceMapDevToolPlugin memories-node_modules_date-fns_locale_gd_js.js?v=b6ebdff095b0f01700ee generated SourceMap
<s> [webpack.Progress] 92% sealing asset processing SourceMapDevToolPlugin memories-node_modules_date-fns_locale_gl_js.js?v=cc3de57216320ecde99d generate SourceMap
<s> [webpack.Progress] 92% sealing asset processing SourceMapDevToolPlugin memories-node_modules_date-fns_locale_gl_js.js?v=cc3de57216320ecde99d generated SourceMap
<s> [webpack.Progress] 92% sealing asset processing SourceMapDevToolPlugin memories-node_modules_date-fns_locale_gu_js.js?v=93c7d7c2e7d1c4457b9c generate SourceMap
<s> [webpack.Progress] 92% sealing asset processing SourceMapDevToolPlugin memories-node_modules_date-fns_locale_gu_js.js?v=93c7d7c2e7d1c4457b9c generated SourceMap
<s> [webpack.Progress] 92% sealing asset processing SourceMapDevToolPlugin memories-node_modules_date-fns_locale_he_js.js?v=731175a615cacf169baf generate SourceMap
<s> [webpack.Progress] 92% sealing asset processing SourceMapDevToolPlugin memories-node_modules_date-fns_locale_he_js.js?v=731175a615cacf169baf generated SourceMap
<s> [webpack.Progress] 92% sealing asset processing SourceMapDevToolPlugin memories-node_modules_date-fns_locale_hi_js.js?v=ff69fd8ae1762566d3df generate SourceMap
<s> [webpack.Progress] 92% sealing asset processing SourceMapDevToolPlugin memories-node_modules_date-fns_locale_hi_js.js?v=ff69fd8ae1762566d3df generated SourceMap
<s> [webpack.Progress] 92% sealing asset processing SourceMapDevToolPlugin memories-node_modules_date-fns_locale_hr_js.js?v=50f66f06b3d5a5d93349 generate SourceMap
<s> [webpack.Progress] 92% sealing asset processing SourceMapDevToolPlugin memories-node_modules_date-fns_locale_hr_js.js?v=50f66f06b3d5a5d93349 generated SourceMap
<s> [webpack.Progress] 92% sealing asset processing SourceMapDevToolPlugin memories-node_modules_date-fns_locale_ht_js.js?v=e66509cf0d75c5b97331 generate SourceMap
<s> [webpack.Progress] 92% sealing asset processing SourceMapDevToolPlugin memories-node_modules_date-fns_locale_ht_js.js?v=e66509cf0d75c5b97331 generated SourceMap
<s> [webpack.Progress] 92% sealing asset processing SourceMapDevToolPlugin memories-node_modules_date-fns_locale_hu_js.js?v=af13ad5bae2b4649aa76 generate SourceMap
<s> [webpack.Progress] 92% sealing asset processing SourceMapDevToolPlugin memories-node_modules_date-fns_locale_hu_js.js?v=af13ad5bae2b4649aa76 generated SourceMap
<s> [webpack.Progress] 92% sealing asset processing SourceMapDevToolPlugin memories-node_modules_date-fns_locale_hy_js.js?v=a6a44784f4e8e03b7d4a generate SourceMap
<s> [webpack.Progress] 92% sealing asset processing SourceMapDevToolPlugin memories-node_modules_date-fns_locale_hy_js.js?v=a6a44784f4e8e03b7d4a generated SourceMap
<s> [webpack.Progress] 92% sealing asset processing SourceMapDevToolPlugin memories-node_modules_date-fns_locale_id_js.js?v=387f93d8b34800d0bdc2 generate SourceMap
<s> [webpack.Progress] 92% sealing asset processing SourceMapDevToolPlugin memories-node_modules_date-fns_locale_id_js.js?v=387f93d8b34800d0bdc2 generated SourceMap
<s> [webpack.Progress] 92% sealing asset processing SourceMapDevToolPlugin memories-node_modules_date-fns_locale_is_js.js?v=27d59d610d38a34f5c69 generate SourceMap
<s> [webpack.Progress] 92% sealing asset processing SourceMapDevToolPlugin memories-node_modules_date-fns_locale_is_js.js?v=27d59d610d38a34f5c69 generated SourceMap
<s> [webpack.Progress] 92% sealing asset processing SourceMapDevToolPlugin memories-node_modules_date-fns_locale_it-CH_js.js?v=257380e944123222e852 generate SourceMap
<s> [webpack.Progress] 92% sealing asset processing SourceMapDevToolPlugin memories-node_modules_date-fns_locale_it-CH_js.js?v=257380e944123222e852 generated SourceMap
<s> [webpack.Progress] 92% sealing asset processing SourceMapDevToolPlugin memories-node_modules_date-fns_locale_it_js.js?v=6f0ab19d0924a17de28f generate SourceMap
<s> [webpack.Progress] 92% sealing asset processing SourceMapDevToolPlugin memories-node_modules_date-fns_locale_it_js.js?v=6f0ab19d0924a17de28f generated SourceMap
<s> [webpack.Progress] 92% sealing asset processing SourceMapDevToolPlugin memories-node_modules_date-fns_locale_ja-Hira_js.js?v=f53e974c181446f49497 generate SourceMap
<s> [webpack.Progress] 92% sealing asset processing SourceMapDevToolPlugin memories-node_modules_date-fns_locale_ja-Hira_js.js?v=f53e974c181446f49497 generated SourceMap
<s> [webpack.Progress] 92% sealing asset processing SourceMapDevToolPlugin memories-node_modules_date-fns_locale_ja_js.js?v=aa1bad1589c7bd081987 generate SourceMap
<s> [webpack.Progress] 92% sealing asset processing SourceMapDevToolPlugin memories-node_modules_date-fns_locale_ja_js.js?v=aa1bad1589c7bd081987 generated SourceMap
<s> [webpack.Progress] 92% sealing asset processing SourceMapDevToolPlugin memories-node_modules_date-fns_locale_ka_js.js?v=c5c1fd216d443c297cde generate SourceMap
<s> [webpack.Progress] 92% sealing asset processing SourceMapDevToolPlugin memories-node_modules_date-fns_locale_ka_js.js?v=c5c1fd216d443c297cde generated SourceMap
<s> [webpack.Progress] 92% sealing asset processing SourceMapDevToolPlugin memories-vendors-node_modules_date-fns_locale_kk_js.js?v=2d30739f9d963db4ca9b generate SourceMap
<s> [webpack.Progress] 92% sealing asset processing SourceMapDevToolPlugin memories-vendors-node_modules_date-fns_locale_kk_js.js?v=2d30739f9d963db4ca9b generated SourceMap
<s> [webpack.Progress] 92% sealing asset processing SourceMapDevToolPlugin memories-node_modules_date-fns_locale_km_js.js?v=60bf685be70efe132955 generate SourceMap
<s> [webpack.Progress] 92% sealing asset processing SourceMapDevToolPlugin memories-node_modules_date-fns_locale_km_js.js?v=60bf685be70efe132955 generated SourceMap
<s> [webpack.Progress] 92% sealing asset processing SourceMapDevToolPlugin memories-node_modules_date-fns_locale_kn_js.js?v=ab49a31b276fba76c61f generate SourceMap
<s> [webpack.Progress] 92% sealing asset processing SourceMapDevToolPlugin memories-node_modules_date-fns_locale_kn_js.js?v=ab49a31b276fba76c61f generated SourceMap
<s> [webpack.Progress] 92% sealing asset processing SourceMapDevToolPlugin memories-node_modules_date-fns_locale_ko_js.js?v=31b017ea54b52fd75c49 generate SourceMap
<s> [webpack.Progress] 92% sealing asset processing SourceMapDevToolPlugin memories-node_modules_date-fns_locale_ko_js.js?v=31b017ea54b52fd75c49 generated SourceMap
<s> [webpack.Progress] 92% sealing asset processing SourceMapDevToolPlugin memories-node_modules_date-fns_locale_lb_js.js?v=10beb9abf95b6f4949b6 generate SourceMap
<s> [webpack.Progress] 92% sealing asset processing SourceMapDevToolPlugin memories-node_modules_date-fns_locale_lb_js.js?v=10beb9abf95b6f4949b6 generated SourceMap
<s> [webpack.Progress] 92% sealing asset processing SourceMapDevToolPlugin memories-node_modules_date-fns_locale_lt_js.js?v=1ba5a04c78415f2de50b generate SourceMap
<s> [webpack.Progress] 92% sealing asset processing SourceMapDevToolPlugin memories-node_modules_date-fns_locale_lt_js.js?v=1ba5a04c78415f2de50b generated SourceMap
<s> [webpack.Progress] 92% sealing asset processing SourceMapDevToolPlugin memories-node_modules_date-fns_locale_lv_js.js?v=5848593e789ea182fc97 generate SourceMap
<s> [webpack.Progress] 92% sealing asset processing SourceMapDevToolPlugin memories-node_modules_date-fns_locale_lv_js.js?v=5848593e789ea182fc97 generated SourceMap
<s> [webpack.Progress] 92% sealing asset processing SourceMapDevToolPlugin memories-node_modules_date-fns_locale_mk_js.js?v=6fd18355a246b2e71122 generate SourceMap
<s> [webpack.Progress] 92% sealing asset processing SourceMapDevToolPlugin memories-node_modules_date-fns_locale_mk_js.js?v=6fd18355a246b2e71122 generated SourceMap
<s> [webpack.Progress] 92% sealing asset processing SourceMapDevToolPlugin memories-node_modules_date-fns_locale_mn_js.js?v=19a868268a529a22acae generate SourceMap
<s> [webpack.Progress] 92% sealing asset processing SourceMapDevToolPlugin memories-node_modules_date-fns_locale_mn_js.js?v=19a868268a529a22acae generated SourceMap
<s> [webpack.Progress] 92% sealing asset processing SourceMapDevToolPlugin memories-node_modules_date-fns_locale_ms_js.js?v=f8248b0ba344177e9d89 generate SourceMap
<s> [webpack.Progress] 92% sealing asset processing SourceMapDevToolPlugin memories-node_modules_date-fns_locale_ms_js.js?v=f8248b0ba344177e9d89 generated SourceMap
<s> [webpack.Progress] 92% sealing asset processing SourceMapDevToolPlugin memories-node_modules_date-fns_locale_mt_js.js?v=b583f5497e1dd90fb801 generate SourceMap
<s> [webpack.Progress] 92% sealing asset processing SourceMapDevToolPlugin memories-node_modules_date-fns_locale_mt_js.js?v=b583f5497e1dd90fb801 generated SourceMap
<s> [webpack.Progress] 92% sealing asset processing SourceMapDevToolPlugin memories-node_modules_date-fns_locale_nb_js.js?v=208cc8cfe8f17d0c5518 generate SourceMap
<s> [webpack.Progress] 92% sealing asset processing SourceMapDevToolPlugin memories-node_modules_date-fns_locale_nb_js.js?v=208cc8cfe8f17d0c5518 generated SourceMap
<s> [webpack.Progress] 92% sealing asset processing SourceMapDevToolPlugin memories-node_modules_date-fns_locale_nl-BE_js.js?v=b1755d5b055db0bd7c9b generate SourceMap
<s> [webpack.Progress] 92% sealing asset processing SourceMapDevToolPlugin memories-node_modules_date-fns_locale_nl-BE_js.js?v=b1755d5b055db0bd7c9b generated SourceMap
<s> [webpack.Progress] 92% sealing asset processing SourceMapDevToolPlugin memories-node_modules_date-fns_locale_nl_js.js?v=5934c842809d6b08db2e generate SourceMap
<s> [webpack.Progress] 92% sealing asset processing SourceMapDevToolPlugin memories-node_modules_date-fns_locale_nl_js.js?v=5934c842809d6b08db2e generated SourceMap
<s> [webpack.Progress] 92% sealing asset processing SourceMapDevToolPlugin memories-node_modules_date-fns_locale_nn_js.js?v=9c0d491105498ed3a35c generate SourceMap
<s> [webpack.Progress] 92% sealing asset processing SourceMapDevToolPlugin memories-node_modules_date-fns_locale_nn_js.js?v=9c0d491105498ed3a35c generated SourceMap
<s> [webpack.Progress] 92% sealing asset processing SourceMapDevToolPlugin memories-node_modules_date-fns_locale_oc_js.js?v=e7aac06ea17a1645bfd7 generate SourceMap
<s> [webpack.Progress] 92% sealing asset processing SourceMapDevToolPlugin memories-node_modules_date-fns_locale_oc_js.js?v=e7aac06ea17a1645bfd7 generated SourceMap
<s> [webpack.Progress] 92% sealing asset processing SourceMapDevToolPlugin memories-node_modules_date-fns_locale_pl_js.js?v=b0ed0f00ebe9ad88b40f generate SourceMap
<s> [webpack.Progress] 92% sealing asset processing SourceMapDevToolPlugin memories-node_modules_date-fns_locale_pl_js.js?v=b0ed0f00ebe9ad88b40f generated SourceMap
<s> [webpack.Progress] 92% sealing asset processing SourceMapDevToolPlugin memories-node_modules_date-fns_locale_pt-BR_js.js?v=bee8b77597c000e154f1 generate SourceMap
<s> [webpack.Progress] 92% sealing asset processing SourceMapDevToolPlugin memories-node_modules_date-fns_locale_pt-BR_js.js?v=bee8b77597c000e154f1 generated SourceMap
<s> [webpack.Progress] 92% sealing asset processing SourceMapDevToolPlugin memories-node_modules_date-fns_locale_pt_js.js?v=bdf77863049a7a1a8f06 generate SourceMap
<s> [webpack.Progress] 92% sealing asset processing SourceMapDevToolPlugin memories-node_modules_date-fns_locale_pt_js.js?v=bdf77863049a7a1a8f06 generated SourceMap
<s> [webpack.Progress] 92% sealing asset processing SourceMapDevToolPlugin memories-node_modules_date-fns_locale_ro_js.js?v=6547ec73f4251428cbf7 generate SourceMap
<s> [webpack.Progress] 92% sealing asset processing SourceMapDevToolPlugin memories-node_modules_date-fns_locale_ro_js.js?v=6547ec73f4251428cbf7 generated SourceMap
<s> [webpack.Progress] 92% sealing asset processing SourceMapDevToolPlugin memories-vendors-node_modules_date-fns_locale_ru_js.js?v=e48c3f8e5a174ab9ae9e generate SourceMap
<s> [webpack.Progress] 92% sealing asset processing SourceMapDevToolPlugin memories-vendors-node_modules_date-fns_locale_ru_js.js?v=e48c3f8e5a174ab9ae9e generated SourceMap
<s> [webpack.Progress] 92% sealing asset processing SourceMapDevToolPlugin memories-node_modules_date-fns_locale_se_js.js?v=18d1befc74e0f7d2bfdf generate SourceMap
<s> [webpack.Progress] 92% sealing asset processing SourceMapDevToolPlugin memories-node_modules_date-fns_locale_se_js.js?v=18d1befc74e0f7d2bfdf generated SourceMap
<s> [webpack.Progress] 92% sealing asset processing SourceMapDevToolPlugin memories-node_modules_date-fns_locale_sk_js.js?v=1f20a29c071e067bdd11 generate SourceMap
<s> [webpack.Progress] 92% sealing asset processing SourceMapDevToolPlugin memories-node_modules_date-fns_locale_sk_js.js?v=1f20a29c071e067bdd11 generated SourceMap
<s> [webpack.Progress] 92% sealing asset processing SourceMapDevToolPlugin memories-node_modules_date-fns_locale_sl_js.js?v=770833443adea778cb9e generate SourceMap
<s> [webpack.Progress] 92% sealing asset processing SourceMapDevToolPlugin memories-node_modules_date-fns_locale_sl_js.js?v=770833443adea778cb9e generated SourceMap
<s> [webpack.Progress] 92% sealing asset processing SourceMapDevToolPlugin memories-node_modules_date-fns_locale_sq_js.js?v=bad6ecad32d18da588be generate SourceMap
<s> [webpack.Progress] 92% sealing asset processing SourceMapDevToolPlugin memories-node_modules_date-fns_locale_sq_js.js?v=bad6ecad32d18da588be generated SourceMap
<s> [webpack.Progress] 92% sealing asset processing SourceMapDevToolPlugin memories-node_modules_date-fns_locale_sr-Latn_js.js?v=8dfb2736641ad751d3de generate SourceMap
<s> [webpack.Progress] 92% sealing asset processing SourceMapDevToolPlugin memories-node_modules_date-fns_locale_sr-Latn_js.js?v=8dfb2736641ad751d3de generated SourceMap
<s> [webpack.Progress] 92% sealing asset processing SourceMapDevToolPlugin memories-node_modules_date-fns_locale_sr_js.js?v=e9e341fa77c5220b9c14 generate SourceMap
<s> [webpack.Progress] 92% sealing asset processing SourceMapDevToolPlugin memories-node_modules_date-fns_locale_sr_js.js?v=e9e341fa77c5220b9c14 generated SourceMap
<s> [webpack.Progress] 92% sealing asset processing SourceMapDevToolPlugin memories-node_modules_date-fns_locale_sv_js.js?v=3d1d4956675dc4d63d37 generate SourceMap
<s> [webpack.Progress] 92% sealing asset processing SourceMapDevToolPlugin memories-node_modules_date-fns_locale_sv_js.js?v=3d1d4956675dc4d63d37 generated SourceMap
<s> [webpack.Progress] 92% sealing asset processing SourceMapDevToolPlugin memories-node_modules_date-fns_locale_ta_js.js?v=52530f33f48ce9ef7f7e generate SourceMap
<s> [webpack.Progress] 92% sealing asset processing SourceMapDevToolPlugin memories-node_modules_date-fns_locale_ta_js.js?v=52530f33f48ce9ef7f7e generated SourceMap
<s> [webpack.Progress] 92% sealing asset processing SourceMapDevToolPlugin memories-node_modules_date-fns_locale_te_js.js?v=a5832806445bb89e3a6c generate SourceMap
<s> [webpack.Progress] 92% sealing asset processing SourceMapDevToolPlugin memories-node_modules_date-fns_locale_te_js.js?v=a5832806445bb89e3a6c generated SourceMap
<s> [webpack.Progress] 92% sealing asset processing SourceMapDevToolPlugin memories-node_modules_date-fns_locale_th_js.js?v=71cb3b8b63e4b574d061 generate SourceMap
<s> [webpack.Progress] 92% sealing asset processing SourceMapDevToolPlugin memories-node_modules_date-fns_locale_th_js.js?v=71cb3b8b63e4b574d061 generated SourceMap
<s> [webpack.Progress] 92% sealing asset processing SourceMapDevToolPlugin memories-node_modules_date-fns_locale_tr_js.js?v=8b13e4f819e09d0c594d generate SourceMap
<s> [webpack.Progress] 92% sealing asset processing SourceMapDevToolPlugin memories-node_modules_date-fns_locale_tr_js.js?v=8b13e4f819e09d0c594d generated SourceMap
<s> [webpack.Progress] 92% sealing asset processing SourceMapDevToolPlugin memories-node_modules_date-fns_locale_ug_js.js?v=91f3ef2d48a5d51f6da9 generate SourceMap
<s> [webpack.Progress] 92% sealing asset processing SourceMapDevToolPlugin memories-node_modules_date-fns_locale_ug_js.js?v=91f3ef2d48a5d51f6da9 generated SourceMap
<s> [webpack.Progress] 92% sealing asset processing SourceMapDevToolPlugin memories-vendors-node_modules_date-fns_locale_uk_js.js?v=29c779640e3e4e7c4e6c generate SourceMap
<s> [webpack.Progress] 92% sealing asset processing SourceMapDevToolPlugin memories-vendors-node_modules_date-fns_locale_uk_js.js?v=29c779640e3e4e7c4e6c generated SourceMap
<s> [webpack.Progress] 92% sealing asset processing SourceMapDevToolPlugin memories-node_modules_date-fns_locale_uz-Cyrl_js.js?v=af6290d0abbfd74204d1 generate SourceMap
<s> [webpack.Progress] 92% sealing asset processing SourceMapDevToolPlugin memories-node_modules_date-fns_locale_uz-Cyrl_js.js?v=af6290d0abbfd74204d1 generated SourceMap
<s> [webpack.Progress] 92% sealing asset processing SourceMapDevToolPlugin memories-node_modules_date-fns_locale_uz_js.js?v=a199f4341a359ef80e80 generate SourceMap
<s> [webpack.Progress] 92% sealing asset processing SourceMapDevToolPlugin memories-node_modules_date-fns_locale_uz_js.js?v=a199f4341a359ef80e80 generated SourceMap
<s> [webpack.Progress] 92% sealing asset processing SourceMapDevToolPlugin memories-node_modules_date-fns_locale_vi_js.js?v=5818d7138916cf3629d8 generate SourceMap
<s> [webpack.Progress] 92% sealing asset processing SourceMapDevToolPlugin memories-node_modules_date-fns_locale_vi_js.js?v=5818d7138916cf3629d8 generated SourceMap
<s> [webpack.Progress] 92% sealing asset processing SourceMapDevToolPlugin memories-node_modules_date-fns_locale_zh-CN_js.js?v=768f5e2b20e33858aa27 generate SourceMap
<s> [webpack.Progress] 92% sealing asset processing SourceMapDevToolPlugin memories-node_modules_date-fns_locale_zh-CN_js.js?v=768f5e2b20e33858aa27 generated SourceMap
<s> [webpack.Progress] 92% sealing asset processing SourceMapDevToolPlugin memories-node_modules_date-fns_locale_zh-HK_js.js?v=006939173786b404d5d2 generate SourceMap
<s> [webpack.Progress] 92% sealing asset processing SourceMapDevToolPlugin memories-node_modules_date-fns_locale_zh-HK_js.js?v=006939173786b404d5d2 generated SourceMap
<s> [webpack.Progress] 92% sealing asset processing SourceMapDevToolPlugin memories-node_modules_date-fns_locale_zh-TW_js.js?v=9635b0d5236b563e9881 generate SourceMap
<s> [webpack.Progress] 92% sealing asset processing SourceMapDevToolPlugin memories-node_modules_date-fns_locale_zh-TW_js.js?v=9635b0d5236b563e9881 generated SourceMap
<s> [webpack.Progress] 92% sealing asset processing SourceMapDevToolPlugin memories-vendors-node_modules_rehype-highlight_index_js.js?v=5ef0a166fd70554db75c generate SourceMap
<s> [webpack.Progress] 92% sealing asset processing SourceMapDevToolPlugin memories-vendors-node_modules_rehype-highlight_index_js.js?v=5ef0a166fd70554db75c generated SourceMap
<s> [webpack.Progress] 92% sealing asset processing SourceMapDevToolPlugin memories-vendors-node_modules_nextcloud_vue_dist_chunks_NcCheckboxRadioSwitch_mjs.js?v=2051999057d84899e168 generate SourceMap
<s> [webpack.Progress] 92% sealing asset processing SourceMapDevToolPlugin memories-vendors-node_modules_nextcloud_vue_dist_chunks_NcCheckboxRadioSwitch_mjs.js?v=2051999057d84899e168 generated SourceMap
<s> [webpack.Progress] 92% sealing asset processing SourceMapDevToolPlugin memories-vendors-node_modules_nextcloud_vue_dist_chunks_NcTextField_vue_vue_type_script_setup_true_lang_mjs.js?v=ecde420ad7c084abb5f1 generate SourceMap
<s> [webpack.Progress] 92% sealing asset processing SourceMapDevToolPlugin memories-vendors-node_modules_nextcloud_vue_dist_chunks_NcTextField_vue_vue_type_script_setup_true_lang_mjs.js?v=ecde420ad7c084abb5f1 generated SourceMap
<s> [webpack.Progress] 92% sealing asset processing SourceMapDevToolPlugin memories-vendors-node_modules_nextcloud_files_dist_index_mjs.js?v=098a7b256befa3d3bac1 generate SourceMap
<s> [webpack.Progress] 92% sealing asset processing SourceMapDevToolPlugin memories-vendors-node_modules_nextcloud_files_dist_index_mjs.js?v=098a7b256befa3d3bac1 generated SourceMap
<s> [webpack.Progress] 92% sealing asset processing SourceMapDevToolPlugin memories-vendors-node_modules_nextcloud_vue_dist_chunks_NcSelect_mjs.js?v=f67125f026f4f6545e61 generate SourceMap
<s> [webpack.Progress] 92% sealing asset processing SourceMapDevToolPlugin memories-vendors-node_modules_nextcloud_vue_dist_chunks_NcSelect_mjs.js?v=f67125f026f4f6545e61 generated SourceMap
<s> [webpack.Progress] 92% sealing asset processing SourceMapDevToolPlugin memories-vendors-node_modules_nextcloud_vue_dist_chunks_NcAvatar_mjs.js?v=e898096491af5047c666 generate SourceMap
<s> [webpack.Progress] 92% sealing asset processing SourceMapDevToolPlugin memories-vendors-node_modules_nextcloud_vue_dist_chunks_NcAvatar_mjs.js?v=e898096491af5047c666 generated SourceMap
<s> [webpack.Progress] 92% sealing asset processing SourceMapDevToolPlugin memories-vendors-node_modules_nextcloud_dialogs_dist_chunks_preview_mjs-node_modules_nextcloud_vue_dis-5d78a6.js?v=885ac999bf1e97cc1fd2 generate SourceMap
<s> [webpack.Progress] 92% sealing asset processing SourceMapDevToolPlugin memories-vendors-node_modules_nextcloud_dialogs_dist_chunks_preview_mjs-node_modules_nextcloud_vue_dis-5d78a6.js?v=885ac999bf1e97cc1fd2 generated SourceMap
<s> [webpack.Progress] 92% sealing asset processing SourceMapDevToolPlugin memories-vendors-node_modules_plyr_dist_plyr_css-node_modules_video_js_dist_video-js_min_css-node_modu-6a8efe.js?v=87ade0d51c3bb4158951 generate SourceMap
<s> [webpack.Progress] 92% sealing asset processing SourceMapDevToolPlugin memories-vendors-node_modules_plyr_dist_plyr_css-node_modules_video_js_dist_video-js_min_css-node_modu-6a8efe.js?v=87ade0d51c3bb4158951 generated SourceMap
<s> [webpack.Progress] 92% sealing asset processing SourceMapDevToolPlugin memories-vendors-node_modules_nextcloud_dialogs_dist_chunks_FilePicker_mjs-node_modules_nextcloud_vue_-2a6d5a.js?v=34ecff24ce0ff2421c7b generate SourceMap
<s> [webpack.Progress] 92% sealing asset processing SourceMapDevToolPlugin memories-vendors-node_modules_nextcloud_dialogs_dist_chunks_FilePicker_mjs-node_modules_nextcloud_vue_-2a6d5a.js?v=34ecff24ce0ff2421c7b generated SourceMap
<s> [webpack.Progress] 92% sealing asset processing SourceMapDevToolPlugin memories-vendors-node_modules_webworker-typed_dist_index_js-node_modules_workbox-expiration_index_mjs.js?v=1446587a492f187dd24a generate SourceMap
<s> [webpack.Progress] 92% sealing asset processing SourceMapDevToolPlugin memories-vendors-node_modules_webworker-typed_dist_index_js-node_modules_workbox-expiration_index_mjs.js?v=1446587a492f187dd24a generated SourceMap
<s> [webpack.Progress] 92% sealing asset processing SourceMapDevToolPlugin memories-vendors-node_modules_vue-leaflet_vue-leaflet_dist_vue-leaflet_es_js-node_modules_leaflet_dist-eb01f4.js?v=a7f660000c0f1744ee0c generate SourceMap
<s> [webpack.Progress] 92% sealing asset processing SourceMapDevToolPlugin memories-vendors-node_modules_vue-leaflet_vue-leaflet_dist_vue-leaflet_es_js-node_modules_leaflet_dist-eb01f4.js?v=a7f660000c0f1744ee0c generated SourceMap
<s> [webpack.Progress] 92% sealing asset processing SourceMapDevToolPlugin resolve sources
<s> [webpack.Progress] 92% sealing asset processing SourceMapDevToolPlugin memories-main.js?v=398856410a4a021eb96f attach SourceMap
<s> [webpack.Progress] 92% sealing asset processing SourceMapDevToolPlugin memories-main.js?v=398856410a4a021eb96f attached SourceMap
<s> [webpack.Progress] 92% sealing asset processing SourceMapDevToolPlugin memories-admin.js?v=6bfe0975ecd8a88d90e9 attach SourceMap
<s> [webpack.Progress] 92% sealing asset processing SourceMapDevToolPlugin memories-admin.js?v=6bfe0975ecd8a88d90e9 attached SourceMap
<s> [webpack.Progress] 92% sealing asset processing SourceMapDevToolPlugin memories-hooks-clear-cache.js?v=51c4596759c669a093b4 attach SourceMap
<s> [webpack.Progress] 92% sealing asset processing SourceMapDevToolPlugin memories-hooks-clear-cache.js?v=51c4596759c669a093b4 attached SourceMap
<s> [webpack.Progress] 92% sealing asset processing SourceMapDevToolPlugin memories-node_modules_nextcloud_dialogs_dist_chunks_ConflictPicker_mjs.js?v=317e00519195659608c2 attach SourceMap
<s> [webpack.Progress] 92% sealing asset processing SourceMapDevToolPlugin memories-node_modules_nextcloud_dialogs_dist_chunks_ConflictPicker_mjs.js?v=317e00519195659608c2 attached SourceMap
<s> [webpack.Progress] 92% sealing asset processing SourceMapDevToolPlugin memories-node_modules_nextcloud_dialogs_dist_chunks_PublicAuthPrompt_mjs.js?v=30a62c1b13f8f891fca8 attach SourceMap
<s> [webpack.Progress] 92% sealing asset processing SourceMapDevToolPlugin memories-node_modules_nextcloud_dialogs_dist_chunks_PublicAuthPrompt_mjs.js?v=30a62c1b13f8f891fca8 attached SourceMap
<s> [webpack.Progress] 92% sealing asset processing SourceMapDevToolPlugin memories-vendors-node_modules_nextcloud_vue_dist_components_NcAppNavigationItem_index_mjs.js?v=f4b9bac3d0bc78bdd4b8 attach SourceMap
<s> [webpack.Progress] 92% sealing asset processing SourceMapDevToolPlugin memories-vendors-node_modules_nextcloud_vue_dist_components_NcAppNavigationItem_index_mjs.js?v=f4b9bac3d0bc78bdd4b8 attached SourceMap
<s> [webpack.Progress] 92% sealing asset processing SourceMapDevToolPlugin memories-components_frame_XImgWorkerStub_ts.js?v=8410f728080242feda7f attach SourceMap
<s> [webpack.Progress] 92% sealing asset processing SourceMapDevToolPlugin memories-components_frame_XImgWorkerStub_ts.js?v=8410f728080242feda7f attached SourceMap
<s> [webpack.Progress] 92% sealing asset processing SourceMapDevToolPlugin memories-vendors-node_modules_filerobot-image-editor_lib_index_js.js?v=30cffc9e8ce2944f1972 attach SourceMap
<s> [webpack.Progress] 92% sealing asset processing SourceMapDevToolPlugin memories-vendors-node_modules_filerobot-image-editor_lib_index_js.js?v=30cffc9e8ce2944f1972 attached SourceMap
<s> [webpack.Progress] 92% sealing asset processing SourceMapDevToolPlugin memories-services_videojs_ts-data_application_font-woff_charset_utf-8_base64_d09GRgABAAAAABTsAAsAAAAAI-e22c5e.js?v=6728b111c115f706e585 attach SourceMap
<s> [webpack.Progress] 92% sealing asset processing SourceMapDevToolPlugin memories-services_videojs_ts-data_application_font-woff_charset_utf-8_base64_d09GRgABAAAAABTsAAsAAAAAI-e22c5e.js?v=6728b111c115f706e585 attached SourceMap
<s> [webpack.Progress] 92% sealing asset processing SourceMapDevToolPlugin memories-node_modules_nextcloud_vue_dist_components_NcProgressBar_index_mjs.js?v=80c59c3eac5e24de30ce attach SourceMap
<s> [webpack.Progress] 92% sealing asset processing SourceMapDevToolPlugin memories-node_modules_nextcloud_vue_dist_components_NcProgressBar_index_mjs.js?v=80c59c3eac5e24de30ce attached SourceMap
<s> [webpack.Progress] 92% sealing asset processing SourceMapDevToolPlugin memories-node_modules_nextcloud_vue_dist_components_NcListItemIcon_index_mjs.js?v=419b6d22deedf0dd8e4b attach SourceMap
<s> [webpack.Progress] 92% sealing asset processing SourceMapDevToolPlugin memories-node_modules_nextcloud_vue_dist_components_NcListItemIcon_index_mjs.js?v=419b6d22deedf0dd8e4b attached SourceMap
<s> [webpack.Progress] 92% sealing asset processing SourceMapDevToolPlugin memories-vendors-node_modules_nextcloud_vue_dist_components_NcAppSettingsDialog_index_mjs.js?v=af31c2dd79fc4cbfef25 attach SourceMap
<s> [webpack.Progress] 92% sealing asset processing SourceMapDevToolPlugin memories-vendors-node_modules_nextcloud_vue_dist_components_NcAppSettingsDialog_index_mjs.js?v=af31c2dd79fc4cbfef25 attached SourceMap
<s> [webpack.Progress] 92% sealing asset processing SourceMapDevToolPlugin memories-node_modules_nextcloud_vue_dist_components_NcAppSettingsSection_index_mjs.js?v=d507eb5a69f49a6849ad attach SourceMap
<s> [webpack.Progress] 92% sealing asset processing SourceMapDevToolPlugin memories-node_modules_nextcloud_vue_dist_components_NcAppSettingsSection_index_mjs.js?v=d507eb5a69f49a6849ad attached SourceMap
<s> [webpack.Progress] 92% sealing asset processing SourceMapDevToolPlugin memories-vendors-node_modules_nextcloud_vue_dist_components_NcListItem_index_mjs.js?v=c495a231df78be6d9923 attach SourceMap
<s> [webpack.Progress] 92% sealing asset processing SourceMapDevToolPlugin memories-vendors-node_modules_nextcloud_vue_dist_components_NcListItem_index_mjs.js?v=c495a231df78be6d9923 attached SourceMap
<s> [webpack.Progress] 92% sealing asset processing SourceMapDevToolPlugin memories-components_top-matter_MapSplitMatter_vue.js?v=65c9f805f691da7e0b5b attach SourceMap
<s> [webpack.Progress] 92% sealing asset processing SourceMapDevToolPlugin memories-components_top-matter_MapSplitMatter_vue.js?v=65c9f805f691da7e0b5b attached SourceMap
<s> [webpack.Progress] 92% sealing asset processing SourceMapDevToolPlugin memories-node_modules_nextcloud_vue_dist_components_NcSelectTags_index_mjs.js?v=72c9b3cd029d7cbb7a1f attach SourceMap
<s> [webpack.Progress] 92% sealing asset processing SourceMapDevToolPlugin memories-node_modules_nextcloud_vue_dist_components_NcSelectTags_index_mjs.js?v=72c9b3cd029d7cbb7a1f attached SourceMap
<s> [webpack.Progress] 92% sealing asset processing SourceMapDevToolPlugin memories-components_frame_XImgWorker_ts.js?v=fca1abf8dbd05f9a052f attach SourceMap
<s> [webpack.Progress] 92% sealing asset processing SourceMapDevToolPlugin memories-components_frame_XImgWorker_ts.js?v=fca1abf8dbd05f9a052f attached SourceMap
<s> [webpack.Progress] 92% sealing asset processing SourceMapDevToolPlugin memories-vendors-node_modules_nextcloud_vue_dist_components_NcColorPicker_index_mjs.js?v=6b2732ddac280b402d0e attach SourceMap
<s> [webpack.Progress] 92% sealing asset processing SourceMapDevToolPlugin memories-vendors-node_modules_nextcloud_vue_dist_components_NcColorPicker_index_mjs.js?v=6b2732ddac280b402d0e attached SourceMap
<s> [webpack.Progress] 92% sealing asset processing SourceMapDevToolPlugin memories-vendors-node_modules_nextcloud_vue_dist_components_NcDateTimePicker_index_mjs.js?v=820a1a54d55bd1af9c7d attach SourceMap
<s> [webpack.Progress] 92% sealing asset processing SourceMapDevToolPlugin memories-vendors-node_modules_nextcloud_vue_dist_components_NcDateTimePicker_index_mjs.js?v=820a1a54d55bd1af9c7d attached SourceMap
<s> [webpack.Progress] 92% sealing asset processing SourceMapDevToolPlugin memories-vendors-node_modules_nextcloud_vue_dist_chunks_NcProfileHoverCard_mjs.js?v=749bd95715f8d1135645 attach SourceMap
<s> [webpack.Progress] 92% sealing asset processing SourceMapDevToolPlugin memories-vendors-node_modules_nextcloud_vue_dist_chunks_NcProfileHoverCard_mjs.js?v=749bd95715f8d1135645 attached SourceMap
<s> [webpack.Progress] 92% sealing asset processing SourceMapDevToolPlugin memories-vendors-node_modules_leaflet_dist_leaflet-src_esm_js.js?v=d2cfad3359c26944bcae attach SourceMap
<s> [webpack.Progress] 92% sealing asset processing SourceMapDevToolPlugin memories-vendors-node_modules_leaflet_dist_leaflet-src_esm_js.js?v=d2cfad3359c26944bcae attached SourceMap
<s> [webpack.Progress] 92% sealing asset processing SourceMapDevToolPlugin memories-node_modules_date-fns_locale_af_js.js?v=85d68c753497002d0e47 attach SourceMap
<s> [webpack.Progress] 92% sealing asset processing SourceMapDevToolPlugin memories-node_modules_date-fns_locale_af_js.js?v=85d68c753497002d0e47 attached SourceMap
<s> [webpack.Progress] 92% sealing asset processing SourceMapDevToolPlugin memories-node_modules_date-fns_locale_ar-DZ_js.js?v=81bb6060fb7b9a5e58ec attach SourceMap
<s> [webpack.Progress] 92% sealing asset processing SourceMapDevToolPlugin memories-node_modules_date-fns_locale_ar-DZ_js.js?v=81bb6060fb7b9a5e58ec attached SourceMap
<s> [webpack.Progress] 92% sealing asset processing SourceMapDevToolPlugin memories-node_modules_date-fns_locale_ar-EG_js.js?v=16eeefa366698b603404 attach SourceMap
<s> [webpack.Progress] 92% sealing asset processing SourceMapDevToolPlugin memories-node_modules_date-fns_locale_ar-EG_js.js?v=16eeefa366698b603404 attached SourceMap
<s> [webpack.Progress] 92% sealing asset processing SourceMapDevToolPlugin memories-node_modules_date-fns_locale_ar-MA_js.js?v=3fada3429cd9f5771755 attach SourceMap
<s> [webpack.Progress] 92% sealing asset processing SourceMapDevToolPlugin memories-node_modules_date-fns_locale_ar-MA_js.js?v=3fada3429cd9f5771755 attached SourceMap
<s> [webpack.Progress] 92% sealing asset processing SourceMapDevToolPlugin memories-node_modules_date-fns_locale_ar-SA_js.js?v=b745f4c771f70df23caf attach SourceMap
<s> [webpack.Progress] 92% sealing asset processing SourceMapDevToolPlugin memories-node_modules_date-fns_locale_ar-SA_js.js?v=b745f4c771f70df23caf attached SourceMap
<s> [webpack.Progress] 92% sealing asset processing SourceMapDevToolPlugin memories-node_modules_date-fns_locale_ar-TN_js.js?v=b35e7bacadb95b577015 attach SourceMap
<s> [webpack.Progress] 92% sealing asset processing SourceMapDevToolPlugin memories-node_modules_date-fns_locale_ar-TN_js.js?v=b35e7bacadb95b577015 attached SourceMap
<s> [webpack.Progress] 92% sealing asset processing SourceMapDevToolPlugin memories-node_modules_date-fns_locale_ar_js.js?v=bb60aec076d6ec66500e attach SourceMap
<s> [webpack.Progress] 92% sealing asset processing SourceMapDevToolPlugin memories-node_modules_date-fns_locale_ar_js.js?v=bb60aec076d6ec66500e attached SourceMap
<s> [webpack.Progress] 92% sealing asset processing SourceMapDevToolPlugin memories-node_modules_date-fns_locale_az_js.js?v=792b540862341c9ea21b attach SourceMap
<s> [webpack.Progress] 92% sealing asset processing SourceMapDevToolPlugin memories-node_modules_date-fns_locale_az_js.js?v=792b540862341c9ea21b attached SourceMap
<s> [webpack.Progress] 92% sealing asset processing SourceMapDevToolPlugin memories-vendors-node_modules_date-fns_locale_be-tarask_js.js?v=e9d1b468124bb4e8d696 attach SourceMap
<s> [webpack.Progress] 92% sealing asset processing SourceMapDevToolPlugin memories-vendors-node_modules_date-fns_locale_be-tarask_js.js?v=e9d1b468124bb4e8d696 attached SourceMap
<s> [webpack.Progress] 92% sealing asset processing SourceMapDevToolPlugin memories-vendors-node_modules_date-fns_locale_be_js.js?v=bea81616850a78e9aced attach SourceMap
<s> [webpack.Progress] 92% sealing asset processing SourceMapDevToolPlugin memories-vendors-node_modules_date-fns_locale_be_js.js?v=bea81616850a78e9aced attached SourceMap
<s> [webpack.Progress] 92% sealing asset processing SourceMapDevToolPlugin memories-node_modules_date-fns_locale_bg_js.js?v=5fa42a4d4d94afebeac4 attach SourceMap
<s> [webpack.Progress] 92% sealing asset processing SourceMapDevToolPlugin memories-node_modules_date-fns_locale_bg_js.js?v=5fa42a4d4d94afebeac4 attached SourceMap
<s> [webpack.Progress] 92% sealing asset processing SourceMapDevToolPlugin memories-node_modules_date-fns_locale_bn_js.js?v=a44d145f9d589a903691 attach SourceMap
<s> [webpack.Progress] 92% sealing asset processing SourceMapDevToolPlugin memories-node_modules_date-fns_locale_bn_js.js?v=a44d145f9d589a903691 attached SourceMap
<s> [webpack.Progress] 92% sealing asset processing SourceMapDevToolPlugin memories-node_modules_date-fns_locale_bs_js.js?v=af674b1eeffade0fe4cd attach SourceMap
<s> [webpack.Progress] 92% sealing asset processing SourceMapDevToolPlugin memories-node_modules_date-fns_locale_bs_js.js?v=af674b1eeffade0fe4cd attached SourceMap
<s> [webpack.Progress] 92% sealing asset processing SourceMapDevToolPlugin memories-node_modules_date-fns_locale_ca_js.js?v=9433b0a636816a778f8d attach SourceMap
<s> [webpack.Progress] 92% sealing asset processing SourceMapDevToolPlugin memories-node_modules_date-fns_locale_ca_js.js?v=9433b0a636816a778f8d attached SourceMap
<s> [webpack.Progress] 92% sealing asset processing SourceMapDevToolPlugin memories-node_modules_date-fns_locale_ckb_js.js?v=276d767d0b110b4a2b1f attach SourceMap
<s> [webpack.Progress] 92% sealing asset processing SourceMapDevToolPlugin memories-node_modules_date-fns_locale_ckb_js.js?v=276d767d0b110b4a2b1f attached SourceMap
<s> [webpack.Progress] 92% sealing asset processing SourceMapDevToolPlugin memories-node_modules_date-fns_locale_cs_js.js?v=1d0e6d8738a001a76055 attach SourceMap
<s> [webpack.Progress] 92% sealing asset processing SourceMapDevToolPlugin memories-node_modules_date-fns_locale_cs_js.js?v=1d0e6d8738a001a76055 attached SourceMap
<s> [webpack.Progress] 92% sealing asset processing SourceMapDevToolPlugin memories-node_modules_date-fns_locale_cy_js.js?v=2a745f753e6119b68250 attach SourceMap
<s> [webpack.Progress] 92% sealing asset processing SourceMapDevToolPlugin memories-node_modules_date-fns_locale_cy_js.js?v=2a745f753e6119b68250 attached SourceMap
<s> [webpack.Progress] 92% sealing asset processing SourceMapDevToolPlugin memories-node_modules_date-fns_locale_da_js.js?v=72ddac20c4a88c42c841 attach SourceMap
<s> [webpack.Progress] 92% sealing asset processing SourceMapDevToolPlugin memories-node_modules_date-fns_locale_da_js.js?v=72ddac20c4a88c42c841 attached SourceMap
<s> [webpack.Progress] 92% sealing asset processing SourceMapDevToolPlugin memories-node_modules_date-fns_locale_de-AT_js.js?v=e21886aff58873073f57 attach SourceMap
<s> [webpack.Progress] 92% sealing asset processing SourceMapDevToolPlugin memories-node_modules_date-fns_locale_de-AT_js.js?v=e21886aff58873073f57 attached SourceMap
<s> [webpack.Progress] 92% sealing asset processing SourceMapDevToolPlugin memories-node_modules_date-fns_locale_de_js.js?v=ee0e9a1cfab744f8e6d3 attach SourceMap
<s> [webpack.Progress] 92% sealing asset processing SourceMapDevToolPlugin memories-node_modules_date-fns_locale_de_js.js?v=ee0e9a1cfab744f8e6d3 attached SourceMap
<s> [webpack.Progress] 92% sealing asset processing SourceMapDevToolPlugin memories-node_modules_date-fns_locale_el_js.js?v=3bed86f8eff20b63b169 attach SourceMap
<s> [webpack.Progress] 92% sealing asset processing SourceMapDevToolPlugin memories-node_modules_date-fns_locale_el_js.js?v=3bed86f8eff20b63b169 attached SourceMap
<s> [webpack.Progress] 92% sealing asset processing SourceMapDevToolPlugin memories-node_modules_date-fns_locale_en-AU_js.js?v=51924ca12f78b964f31d attach SourceMap
<s> [webpack.Progress] 92% sealing asset processing SourceMapDevToolPlugin memories-node_modules_date-fns_locale_en-AU_js.js?v=51924ca12f78b964f31d attached SourceMap
<s> [webpack.Progress] 92% sealing asset processing SourceMapDevToolPlugin memories-node_modules_date-fns_locale_en-CA_js.js?v=2095e835f20244fe40b3 attach SourceMap
<s> [webpack.Progress] 92% sealing asset processing SourceMapDevToolPlugin memories-node_modules_date-fns_locale_en-CA_js.js?v=2095e835f20244fe40b3 attached SourceMap
<s> [webpack.Progress] 92% sealing asset processing SourceMapDevToolPlugin memories-node_modules_date-fns_locale_en-GB_js.js?v=ab009ef82b8122b5d4aa attach SourceMap
<s> [webpack.Progress] 92% sealing asset processing SourceMapDevToolPlugin memories-node_modules_date-fns_locale_en-GB_js.js?v=ab009ef82b8122b5d4aa attached SourceMap
<s> [webpack.Progress] 92% sealing asset processing SourceMapDevToolPlugin memories-node_modules_date-fns_locale_en-IE_js.js?v=cee0f26f777230148e06 attach SourceMap
<s> [webpack.Progress] 92% sealing asset processing SourceMapDevToolPlugin memories-node_modules_date-fns_locale_en-IE_js.js?v=cee0f26f777230148e06 attached SourceMap
<s> [webpack.Progress] 92% sealing asset processing SourceMapDevToolPlugin memories-node_modules_date-fns_locale_en-IN_js.js?v=1841d2554d0a61b6d042 attach SourceMap
<s> [webpack.Progress] 92% sealing asset processing SourceMapDevToolPlugin memories-node_modules_date-fns_locale_en-IN_js.js?v=1841d2554d0a61b6d042 attached SourceMap
<s> [webpack.Progress] 92% sealing asset processing SourceMapDevToolPlugin memories-node_modules_date-fns_locale_en-NZ_js.js?v=2c8afe00787b5c93c63e attach SourceMap
<s> [webpack.Progress] 92% sealing asset processing SourceMapDevToolPlugin memories-node_modules_date-fns_locale_en-NZ_js.js?v=2c8afe00787b5c93c63e attached SourceMap
<s> [webpack.Progress] 92% sealing asset processing SourceMapDevToolPlugin memories-node_modules_date-fns_locale_en-ZA_js.js?v=3e772edabbfc7c6322f7 attach SourceMap
<s> [webpack.Progress] 92% sealing asset processing SourceMapDevToolPlugin memories-node_modules_date-fns_locale_en-ZA_js.js?v=3e772edabbfc7c6322f7 attached SourceMap
<s> [webpack.Progress] 92% sealing asset processing SourceMapDevToolPlugin memories-node_modules_date-fns_locale_eo_js.js?v=972934bfe2264d03bafb attach SourceMap
<s> [webpack.Progress] 92% sealing asset processing SourceMapDevToolPlugin memories-node_modules_date-fns_locale_eo_js.js?v=972934bfe2264d03bafb attached SourceMap
<s> [webpack.Progress] 92% sealing asset processing SourceMapDevToolPlugin memories-node_modules_date-fns_locale_es_js.js?v=d85fe967e4502b74aa39 attach SourceMap
<s> [webpack.Progress] 92% sealing asset processing SourceMapDevToolPlugin memories-node_modules_date-fns_locale_es_js.js?v=d85fe967e4502b74aa39 attached SourceMap
<s> [webpack.Progress] 92% sealing asset processing SourceMapDevToolPlugin memories-node_modules_date-fns_locale_et_js.js?v=9d177a38e6cb20866a96 attach SourceMap
<s> [webpack.Progress] 92% sealing asset processing SourceMapDevToolPlugin memories-node_modules_date-fns_locale_et_js.js?v=9d177a38e6cb20866a96 attached SourceMap
<s> [webpack.Progress] 92% sealing asset processing SourceMapDevToolPlugin memories-node_modules_date-fns_locale_eu_js.js?v=cd524142f1746bd75511 attach SourceMap
<s> [webpack.Progress] 92% sealing asset processing SourceMapDevToolPlugin memories-node_modules_date-fns_locale_eu_js.js?v=cd524142f1746bd75511 attached SourceMap
<s> [webpack.Progress] 92% sealing asset processing SourceMapDevToolPlugin memories-node_modules_date-fns_locale_fa-IR_js.js?v=4d9bc2cc01794fe250db attach SourceMap
<s> [webpack.Progress] 92% sealing asset processing SourceMapDevToolPlugin memories-node_modules_date-fns_locale_fa-IR_js.js?v=4d9bc2cc01794fe250db attached SourceMap
<s> [webpack.Progress] 92% sealing asset processing SourceMapDevToolPlugin memories-node_modules_date-fns_locale_fi_js.js?v=8615f33ff586505eaa30 attach SourceMap
<s> [webpack.Progress] 92% sealing asset processing SourceMapDevToolPlugin memories-node_modules_date-fns_locale_fi_js.js?v=8615f33ff586505eaa30 attached SourceMap
<s> [webpack.Progress] 92% sealing asset processing SourceMapDevToolPlugin memories-node_modules_date-fns_locale_fr-CA_js.js?v=a670c3f6631ef4366027 attach SourceMap
<s> [webpack.Progress] 92% sealing asset processing SourceMapDevToolPlugin memories-node_modules_date-fns_locale_fr-CA_js.js?v=a670c3f6631ef4366027 attached SourceMap
<s> [webpack.Progress] 92% sealing asset processing SourceMapDevToolPlugin memories-node_modules_date-fns_locale_fr-CH_js.js?v=dc98a9ec6eac8114d2ec attach SourceMap
<s> [webpack.Progress] 92% sealing asset processing SourceMapDevToolPlugin memories-node_modules_date-fns_locale_fr-CH_js.js?v=dc98a9ec6eac8114d2ec attached SourceMap
<s> [webpack.Progress] 92% sealing asset processing SourceMapDevToolPlugin memories-node_modules_date-fns_locale_fr_js.js?v=a11627190217c18addec attach SourceMap
<s> [webpack.Progress] 92% sealing asset processing SourceMapDevToolPlugin memories-node_modules_date-fns_locale_fr_js.js?v=a11627190217c18addec attached SourceMap
<s> [webpack.Progress] 92% sealing asset processing SourceMapDevToolPlugin memories-node_modules_date-fns_locale_fy_js.js?v=9044bbd16716a217383a attach SourceMap
<s> [webpack.Progress] 92% sealing asset processing SourceMapDevToolPlugin memories-node_modules_date-fns_locale_fy_js.js?v=9044bbd16716a217383a attached SourceMap
<s> [webpack.Progress] 92% sealing asset processing SourceMapDevToolPlugin memories-node_modules_date-fns_locale_gd_js.js?v=b6ebdff095b0f01700ee attach SourceMap
<s> [webpack.Progress] 92% sealing asset processing SourceMapDevToolPlugin memories-node_modules_date-fns_locale_gd_js.js?v=b6ebdff095b0f01700ee attached SourceMap
<s> [webpack.Progress] 92% sealing asset processing SourceMapDevToolPlugin memories-node_modules_date-fns_locale_gl_js.js?v=cc3de57216320ecde99d attach SourceMap
<s> [webpack.Progress] 92% sealing asset processing SourceMapDevToolPlugin memories-node_modules_date-fns_locale_gl_js.js?v=cc3de57216320ecde99d attached SourceMap
<s> [webpack.Progress] 92% sealing asset processing SourceMapDevToolPlugin memories-node_modules_date-fns_locale_gu_js.js?v=93c7d7c2e7d1c4457b9c attach SourceMap
<s> [webpack.Progress] 92% sealing asset processing SourceMapDevToolPlugin memories-node_modules_date-fns_locale_gu_js.js?v=93c7d7c2e7d1c4457b9c attached SourceMap
<s> [webpack.Progress] 92% sealing asset processing SourceMapDevToolPlugin memories-node_modules_date-fns_locale_he_js.js?v=731175a615cacf169baf attach SourceMap
<s> [webpack.Progress] 92% sealing asset processing SourceMapDevToolPlugin memories-node_modules_date-fns_locale_he_js.js?v=731175a615cacf169baf attached SourceMap
<s> [webpack.Progress] 92% sealing asset processing SourceMapDevToolPlugin memories-node_modules_date-fns_locale_hi_js.js?v=ff69fd8ae1762566d3df attach SourceMap
<s> [webpack.Progress] 92% sealing asset processing SourceMapDevToolPlugin memories-node_modules_date-fns_locale_hi_js.js?v=ff69fd8ae1762566d3df attached SourceMap
<s> [webpack.Progress] 92% sealing asset processing SourceMapDevToolPlugin memories-node_modules_date-fns_locale_hr_js.js?v=50f66f06b3d5a5d93349 attach SourceMap
<s> [webpack.Progress] 92% sealing asset processing SourceMapDevToolPlugin memories-node_modules_date-fns_locale_hr_js.js?v=50f66f06b3d5a5d93349 attached SourceMap
<s> [webpack.Progress] 92% sealing asset processing SourceMapDevToolPlugin memories-node_modules_date-fns_locale_ht_js.js?v=e66509cf0d75c5b97331 attach SourceMap
<s> [webpack.Progress] 92% sealing asset processing SourceMapDevToolPlugin memories-node_modules_date-fns_locale_ht_js.js?v=e66509cf0d75c5b97331 attached SourceMap
<s> [webpack.Progress] 92% sealing asset processing SourceMapDevToolPlugin memories-node_modules_date-fns_locale_hu_js.js?v=af13ad5bae2b4649aa76 attach SourceMap
<s> [webpack.Progress] 92% sealing asset processing SourceMapDevToolPlugin memories-node_modules_date-fns_locale_hu_js.js?v=af13ad5bae2b4649aa76 attached SourceMap
<s> [webpack.Progress] 92% sealing asset processing SourceMapDevToolPlugin memories-node_modules_date-fns_locale_hy_js.js?v=a6a44784f4e8e03b7d4a attach SourceMap
<s> [webpack.Progress] 92% sealing asset processing SourceMapDevToolPlugin memories-node_modules_date-fns_locale_hy_js.js?v=a6a44784f4e8e03b7d4a attached SourceMap
<s> [webpack.Progress] 92% sealing asset processing SourceMapDevToolPlugin memories-node_modules_date-fns_locale_id_js.js?v=387f93d8b34800d0bdc2 attach SourceMap
<s> [webpack.Progress] 92% sealing asset processing SourceMapDevToolPlugin memories-node_modules_date-fns_locale_id_js.js?v=387f93d8b34800d0bdc2 attached SourceMap
<s> [webpack.Progress] 92% sealing asset processing SourceMapDevToolPlugin memories-node_modules_date-fns_locale_is_js.js?v=27d59d610d38a34f5c69 attach SourceMap
<s> [webpack.Progress] 92% sealing asset processing SourceMapDevToolPlugin memories-node_modules_date-fns_locale_is_js.js?v=27d59d610d38a34f5c69 attached SourceMap
<s> [webpack.Progress] 92% sealing asset processing SourceMapDevToolPlugin memories-node_modules_date-fns_locale_it-CH_js.js?v=257380e944123222e852 attach SourceMap
<s> [webpack.Progress] 92% sealing asset processing SourceMapDevToolPlugin memories-node_modules_date-fns_locale_it-CH_js.js?v=257380e944123222e852 attached SourceMap
<s> [webpack.Progress] 92% sealing asset processing SourceMapDevToolPlugin memories-node_modules_date-fns_locale_it_js.js?v=6f0ab19d0924a17de28f attach SourceMap
<s> [webpack.Progress] 92% sealing asset processing SourceMapDevToolPlugin memories-node_modules_date-fns_locale_it_js.js?v=6f0ab19d0924a17de28f attached SourceMap
<s> [webpack.Progress] 92% sealing asset processing SourceMapDevToolPlugin memories-node_modules_date-fns_locale_ja-Hira_js.js?v=f53e974c181446f49497 attach SourceMap
<s> [webpack.Progress] 92% sealing asset processing SourceMapDevToolPlugin memories-node_modules_date-fns_locale_ja-Hira_js.js?v=f53e974c181446f49497 attached SourceMap
<s> [webpack.Progress] 92% sealing asset processing SourceMapDevToolPlugin memories-node_modules_date-fns_locale_ja_js.js?v=aa1bad1589c7bd081987 attach SourceMap
<s> [webpack.Progress] 92% sealing asset processing SourceMapDevToolPlugin memories-node_modules_date-fns_locale_ja_js.js?v=aa1bad1589c7bd081987 attached SourceMap
<s> [webpack.Progress] 92% sealing asset processing SourceMapDevToolPlugin memories-node_modules_date-fns_locale_ka_js.js?v=c5c1fd216d443c297cde attach SourceMap
<s> [webpack.Progress] 92% sealing asset processing SourceMapDevToolPlugin memories-node_modules_date-fns_locale_ka_js.js?v=c5c1fd216d443c297cde attached SourceMap
<s> [webpack.Progress] 92% sealing asset processing SourceMapDevToolPlugin memories-vendors-node_modules_date-fns_locale_kk_js.js?v=2d30739f9d963db4ca9b attach SourceMap
<s> [webpack.Progress] 92% sealing asset processing SourceMapDevToolPlugin memories-vendors-node_modules_date-fns_locale_kk_js.js?v=2d30739f9d963db4ca9b attached SourceMap
<s> [webpack.Progress] 92% sealing asset processing SourceMapDevToolPlugin memories-node_modules_date-fns_locale_km_js.js?v=60bf685be70efe132955 attach SourceMap
<s> [webpack.Progress] 92% sealing asset processing SourceMapDevToolPlugin memories-node_modules_date-fns_locale_km_js.js?v=60bf685be70efe132955 attached SourceMap
<s> [webpack.Progress] 92% sealing asset processing SourceMapDevToolPlugin memories-node_modules_date-fns_locale_kn_js.js?v=ab49a31b276fba76c61f attach SourceMap
<s> [webpack.Progress] 92% sealing asset processing SourceMapDevToolPlugin memories-node_modules_date-fns_locale_kn_js.js?v=ab49a31b276fba76c61f attached SourceMap
<s> [webpack.Progress] 92% sealing asset processing SourceMapDevToolPlugin memories-node_modules_date-fns_locale_ko_js.js?v=31b017ea54b52fd75c49 attach SourceMap
<s> [webpack.Progress] 92% sealing asset processing SourceMapDevToolPlugin memories-node_modules_date-fns_locale_ko_js.js?v=31b017ea54b52fd75c49 attached SourceMap
<s> [webpack.Progress] 92% sealing asset processing SourceMapDevToolPlugin memories-node_modules_date-fns_locale_lb_js.js?v=10beb9abf95b6f4949b6 attach SourceMap
<s> [webpack.Progress] 92% sealing asset processing SourceMapDevToolPlugin memories-node_modules_date-fns_locale_lb_js.js?v=10beb9abf95b6f4949b6 attached SourceMap
<s> [webpack.Progress] 92% sealing asset processing SourceMapDevToolPlugin memories-node_modules_date-fns_locale_lt_js.js?v=1ba5a04c78415f2de50b attach SourceMap
<s> [webpack.Progress] 92% sealing asset processing SourceMapDevToolPlugin memories-node_modules_date-fns_locale_lt_js.js?v=1ba5a04c78415f2de50b attached SourceMap
<s> [webpack.Progress] 92% sealing asset processing SourceMapDevToolPlugin memories-node_modules_date-fns_locale_lv_js.js?v=5848593e789ea182fc97 attach SourceMap
<s> [webpack.Progress] 92% sealing asset processing SourceMapDevToolPlugin memories-node_modules_date-fns_locale_lv_js.js?v=5848593e789ea182fc97 attached SourceMap
<s> [webpack.Progress] 92% sealing asset processing SourceMapDevToolPlugin memories-node_modules_date-fns_locale_mk_js.js?v=6fd18355a246b2e71122 attach SourceMap
<s> [webpack.Progress] 92% sealing asset processing SourceMapDevToolPlugin memories-node_modules_date-fns_locale_mk_js.js?v=6fd18355a246b2e71122 attached SourceMap
<s> [webpack.Progress] 92% sealing asset processing SourceMapDevToolPlugin memories-node_modules_date-fns_locale_mn_js.js?v=19a868268a529a22acae attach SourceMap
<s> [webpack.Progress] 92% sealing asset processing SourceMapDevToolPlugin memories-node_modules_date-fns_locale_mn_js.js?v=19a868268a529a22acae attached SourceMap
<s> [webpack.Progress] 92% sealing asset processing SourceMapDevToolPlugin memories-node_modules_date-fns_locale_ms_js.js?v=f8248b0ba344177e9d89 attach SourceMap
<s> [webpack.Progress] 92% sealing asset processing SourceMapDevToolPlugin memories-node_modules_date-fns_locale_ms_js.js?v=f8248b0ba344177e9d89 attached SourceMap
<s> [webpack.Progress] 92% sealing asset processing SourceMapDevToolPlugin memories-node_modules_date-fns_locale_mt_js.js?v=b583f5497e1dd90fb801 attach SourceMap
<s> [webpack.Progress] 92% sealing asset processing SourceMapDevToolPlugin memories-node_modules_date-fns_locale_mt_js.js?v=b583f5497e1dd90fb801 attached SourceMap
<s> [webpack.Progress] 92% sealing asset processing SourceMapDevToolPlugin memories-node_modules_date-fns_locale_nb_js.js?v=208cc8cfe8f17d0c5518 attach SourceMap
<s> [webpack.Progress] 92% sealing asset processing SourceMapDevToolPlugin memories-node_modules_date-fns_locale_nb_js.js?v=208cc8cfe8f17d0c5518 attached SourceMap
<s> [webpack.Progress] 92% sealing asset processing SourceMapDevToolPlugin memories-node_modules_date-fns_locale_nl-BE_js.js?v=b1755d5b055db0bd7c9b attach SourceMap
<s> [webpack.Progress] 92% sealing asset processing SourceMapDevToolPlugin memories-node_modules_date-fns_locale_nl-BE_js.js?v=b1755d5b055db0bd7c9b attached SourceMap
<s> [webpack.Progress] 92% sealing asset processing SourceMapDevToolPlugin memories-node_modules_date-fns_locale_nl_js.js?v=5934c842809d6b08db2e attach SourceMap
<s> [webpack.Progress] 92% sealing asset processing SourceMapDevToolPlugin memories-node_modules_date-fns_locale_nl_js.js?v=5934c842809d6b08db2e attached SourceMap
<s> [webpack.Progress] 92% sealing asset processing SourceMapDevToolPlugin memories-node_modules_date-fns_locale_nn_js.js?v=9c0d491105498ed3a35c attach SourceMap
<s> [webpack.Progress] 92% sealing asset processing SourceMapDevToolPlugin memories-node_modules_date-fns_locale_nn_js.js?v=9c0d491105498ed3a35c attached SourceMap
<s> [webpack.Progress] 92% sealing asset processing SourceMapDevToolPlugin memories-node_modules_date-fns_locale_oc_js.js?v=e7aac06ea17a1645bfd7 attach SourceMap
<s> [webpack.Progress] 92% sealing asset processing SourceMapDevToolPlugin memories-node_modules_date-fns_locale_oc_js.js?v=e7aac06ea17a1645bfd7 attached SourceMap
<s> [webpack.Progress] 92% sealing asset processing SourceMapDevToolPlugin memories-node_modules_date-fns_locale_pl_js.js?v=b0ed0f00ebe9ad88b40f attach SourceMap
<s> [webpack.Progress] 92% sealing asset processing SourceMapDevToolPlugin memories-node_modules_date-fns_locale_pl_js.js?v=b0ed0f00ebe9ad88b40f attached SourceMap
<s> [webpack.Progress] 92% sealing asset processing SourceMapDevToolPlugin memories-node_modules_date-fns_locale_pt-BR_js.js?v=bee8b77597c000e154f1 attach SourceMap
<s> [webpack.Progress] 92% sealing asset processing SourceMapDevToolPlugin memories-node_modules_date-fns_locale_pt-BR_js.js?v=bee8b77597c000e154f1 attached SourceMap
<s> [webpack.Progress] 92% sealing asset processing SourceMapDevToolPlugin memories-node_modules_date-fns_locale_pt_js.js?v=bdf77863049a7a1a8f06 attach SourceMap
<s> [webpack.Progress] 92% sealing asset processing SourceMapDevToolPlugin memories-node_modules_date-fns_locale_pt_js.js?v=bdf77863049a7a1a8f06 attached SourceMap
<s> [webpack.Progress] 92% sealing asset processing SourceMapDevToolPlugin memories-node_modules_date-fns_locale_ro_js.js?v=6547ec73f4251428cbf7 attach SourceMap
<s> [webpack.Progress] 92% sealing asset processing SourceMapDevToolPlugin memories-node_modules_date-fns_locale_ro_js.js?v=6547ec73f4251428cbf7 attached SourceMap
<s> [webpack.Progress] 92% sealing asset processing SourceMapDevToolPlugin memories-vendors-node_modules_date-fns_locale_ru_js.js?v=e48c3f8e5a174ab9ae9e attach SourceMap
<s> [webpack.Progress] 92% sealing asset processing SourceMapDevToolPlugin memories-vendors-node_modules_date-fns_locale_ru_js.js?v=e48c3f8e5a174ab9ae9e attached SourceMap
<s> [webpack.Progress] 92% sealing asset processing SourceMapDevToolPlugin memories-node_modules_date-fns_locale_se_js.js?v=18d1befc74e0f7d2bfdf attach SourceMap
<s> [webpack.Progress] 92% sealing asset processing SourceMapDevToolPlugin memories-node_modules_date-fns_locale_se_js.js?v=18d1befc74e0f7d2bfdf attached SourceMap
<s> [webpack.Progress] 92% sealing asset processing SourceMapDevToolPlugin memories-node_modules_date-fns_locale_sk_js.js?v=1f20a29c071e067bdd11 attach SourceMap
<s> [webpack.Progress] 92% sealing asset processing SourceMapDevToolPlugin memories-node_modules_date-fns_locale_sk_js.js?v=1f20a29c071e067bdd11 attached SourceMap
<s> [webpack.Progress] 92% sealing asset processing SourceMapDevToolPlugin memories-node_modules_date-fns_locale_sl_js.js?v=770833443adea778cb9e attach SourceMap
<s> [webpack.Progress] 92% sealing asset processing SourceMapDevToolPlugin memories-node_modules_date-fns_locale_sl_js.js?v=770833443adea778cb9e attached SourceMap
<s> [webpack.Progress] 92% sealing asset processing SourceMapDevToolPlugin memories-node_modules_date-fns_locale_sq_js.js?v=bad6ecad32d18da588be attach SourceMap
<s> [webpack.Progress] 92% sealing asset processing SourceMapDevToolPlugin memories-node_modules_date-fns_locale_sq_js.js?v=bad6ecad32d18da588be attached SourceMap
<s> [webpack.Progress] 92% sealing asset processing SourceMapDevToolPlugin memories-node_modules_date-fns_locale_sr-Latn_js.js?v=8dfb2736641ad751d3de attach SourceMap
<s> [webpack.Progress] 92% sealing asset processing SourceMapDevToolPlugin memories-node_modules_date-fns_locale_sr-Latn_js.js?v=8dfb2736641ad751d3de attached SourceMap
<s> [webpack.Progress] 92% sealing asset processing SourceMapDevToolPlugin memories-node_modules_date-fns_locale_sr_js.js?v=e9e341fa77c5220b9c14 attach SourceMap
<s> [webpack.Progress] 92% sealing asset processing SourceMapDevToolPlugin memories-node_modules_date-fns_locale_sr_js.js?v=e9e341fa77c5220b9c14 attached SourceMap
<s> [webpack.Progress] 92% sealing asset processing SourceMapDevToolPlugin memories-node_modules_date-fns_locale_sv_js.js?v=3d1d4956675dc4d63d37 attach SourceMap
<s> [webpack.Progress] 92% sealing asset processing SourceMapDevToolPlugin memories-node_modules_date-fns_locale_sv_js.js?v=3d1d4956675dc4d63d37 attached SourceMap
<s> [webpack.Progress] 92% sealing asset processing SourceMapDevToolPlugin memories-node_modules_date-fns_locale_ta_js.js?v=52530f33f48ce9ef7f7e attach SourceMap
<s> [webpack.Progress] 92% sealing asset processing SourceMapDevToolPlugin memories-node_modules_date-fns_locale_ta_js.js?v=52530f33f48ce9ef7f7e attached SourceMap
<s> [webpack.Progress] 92% sealing asset processing SourceMapDevToolPlugin memories-node_modules_date-fns_locale_te_js.js?v=a5832806445bb89e3a6c attach SourceMap
<s> [webpack.Progress] 92% sealing asset processing SourceMapDevToolPlugin memories-node_modules_date-fns_locale_te_js.js?v=a5832806445bb89e3a6c attached SourceMap
<s> [webpack.Progress] 92% sealing asset processing SourceMapDevToolPlugin memories-node_modules_date-fns_locale_th_js.js?v=71cb3b8b63e4b574d061 attach SourceMap
<s> [webpack.Progress] 92% sealing asset processing SourceMapDevToolPlugin memories-node_modules_date-fns_locale_th_js.js?v=71cb3b8b63e4b574d061 attached SourceMap
<s> [webpack.Progress] 92% sealing asset processing SourceMapDevToolPlugin memories-node_modules_date-fns_locale_tr_js.js?v=8b13e4f819e09d0c594d attach SourceMap
<s> [webpack.Progress] 92% sealing asset processing SourceMapDevToolPlugin memories-node_modules_date-fns_locale_tr_js.js?v=8b13e4f819e09d0c594d attached SourceMap
<s> [webpack.Progress] 92% sealing asset processing SourceMapDevToolPlugin memories-node_modules_date-fns_locale_ug_js.js?v=91f3ef2d48a5d51f6da9 attach SourceMap
<s> [webpack.Progress] 92% sealing asset processing SourceMapDevToolPlugin memories-node_modules_date-fns_locale_ug_js.js?v=91f3ef2d48a5d51f6da9 attached SourceMap
<s> [webpack.Progress] 92% sealing asset processing SourceMapDevToolPlugin memories-vendors-node_modules_date-fns_locale_uk_js.js?v=29c779640e3e4e7c4e6c attach SourceMap
<s> [webpack.Progress] 92% sealing asset processing SourceMapDevToolPlugin memories-vendors-node_modules_date-fns_locale_uk_js.js?v=29c779640e3e4e7c4e6c attached SourceMap
<s> [webpack.Progress] 92% sealing asset processing SourceMapDevToolPlugin memories-node_modules_date-fns_locale_uz-Cyrl_js.js?v=af6290d0abbfd74204d1 attach SourceMap
<s> [webpack.Progress] 92% sealing asset processing SourceMapDevToolPlugin memories-node_modules_date-fns_locale_uz-Cyrl_js.js?v=af6290d0abbfd74204d1 attached SourceMap
<s> [webpack.Progress] 92% sealing asset processing SourceMapDevToolPlugin memories-node_modules_date-fns_locale_uz_js.js?v=a199f4341a359ef80e80 attach SourceMap
<s> [webpack.Progress] 92% sealing asset processing SourceMapDevToolPlugin memories-node_modules_date-fns_locale_uz_js.js?v=a199f4341a359ef80e80 attached SourceMap
<s> [webpack.Progress] 92% sealing asset processing SourceMapDevToolPlugin memories-node_modules_date-fns_locale_vi_js.js?v=5818d7138916cf3629d8 attach SourceMap
<s> [webpack.Progress] 92% sealing asset processing SourceMapDevToolPlugin memories-node_modules_date-fns_locale_vi_js.js?v=5818d7138916cf3629d8 attached SourceMap
<s> [webpack.Progress] 92% sealing asset processing SourceMapDevToolPlugin memories-node_modules_date-fns_locale_zh-CN_js.js?v=768f5e2b20e33858aa27 attach SourceMap
<s> [webpack.Progress] 92% sealing asset processing SourceMapDevToolPlugin memories-node_modules_date-fns_locale_zh-CN_js.js?v=768f5e2b20e33858aa27 attached SourceMap
<s> [webpack.Progress] 92% sealing asset processing SourceMapDevToolPlugin memories-node_modules_date-fns_locale_zh-HK_js.js?v=006939173786b404d5d2 attach SourceMap
<s> [webpack.Progress] 92% sealing asset processing SourceMapDevToolPlugin memories-node_modules_date-fns_locale_zh-HK_js.js?v=006939173786b404d5d2 attached SourceMap
<s> [webpack.Progress] 92% sealing asset processing SourceMapDevToolPlugin memories-node_modules_date-fns_locale_zh-TW_js.js?v=9635b0d5236b563e9881 attach SourceMap
<s> [webpack.Progress] 92% sealing asset processing SourceMapDevToolPlugin memories-node_modules_date-fns_locale_zh-TW_js.js?v=9635b0d5236b563e9881 attached SourceMap
<s> [webpack.Progress] 92% sealing asset processing SourceMapDevToolPlugin memories-vendors-node_modules_rehype-highlight_index_js.js?v=5ef0a166fd70554db75c attach SourceMap
<s> [webpack.Progress] 92% sealing asset processing SourceMapDevToolPlugin memories-vendors-node_modules_rehype-highlight_index_js.js?v=5ef0a166fd70554db75c attached SourceMap
<s> [webpack.Progress] 92% sealing asset processing SourceMapDevToolPlugin memories-vendors-node_modules_nextcloud_vue_dist_chunks_NcCheckboxRadioSwitch_mjs.js?v=2051999057d84899e168 attach SourceMap
<s> [webpack.Progress] 92% sealing asset processing SourceMapDevToolPlugin memories-vendors-node_modules_nextcloud_vue_dist_chunks_NcCheckboxRadioSwitch_mjs.js?v=2051999057d84899e168 attached SourceMap
<s> [webpack.Progress] 92% sealing asset processing SourceMapDevToolPlugin memories-vendors-node_modules_nextcloud_vue_dist_chunks_NcTextField_vue_vue_type_script_setup_true_lang_mjs.js?v=ecde420ad7c084abb5f1 attach SourceMap
<s> [webpack.Progress] 92% sealing asset processing SourceMapDevToolPlugin memories-vendors-node_modules_nextcloud_vue_dist_chunks_NcTextField_vue_vue_type_script_setup_true_lang_mjs.js?v=ecde420ad7c084abb5f1 attached SourceMap
<s> [webpack.Progress] 92% sealing asset processing SourceMapDevToolPlugin memories-vendors-node_modules_nextcloud_files_dist_index_mjs.js?v=098a7b256befa3d3bac1 attach SourceMap
<s> [webpack.Progress] 92% sealing asset processing SourceMapDevToolPlugin memories-vendors-node_modules_nextcloud_files_dist_index_mjs.js?v=098a7b256befa3d3bac1 attached SourceMap
<s> [webpack.Progress] 92% sealing asset processing SourceMapDevToolPlugin memories-vendors-node_modules_nextcloud_vue_dist_chunks_NcSelect_mjs.js?v=f67125f026f4f6545e61 attach SourceMap
<s> [webpack.Progress] 92% sealing asset processing SourceMapDevToolPlugin memories-vendors-node_modules_nextcloud_vue_dist_chunks_NcSelect_mjs.js?v=f67125f026f4f6545e61 attached SourceMap
<s> [webpack.Progress] 92% sealing asset processing SourceMapDevToolPlugin memories-vendors-node_modules_nextcloud_vue_dist_chunks_NcAvatar_mjs.js?v=e898096491af5047c666 attach SourceMap
<s> [webpack.Progress] 92% sealing asset processing SourceMapDevToolPlugin memories-vendors-node_modules_nextcloud_vue_dist_chunks_NcAvatar_mjs.js?v=e898096491af5047c666 attached SourceMap
<s> [webpack.Progress] 92% sealing asset processing SourceMapDevToolPlugin memories-vendors-node_modules_nextcloud_dialogs_dist_chunks_preview_mjs-node_modules_nextcloud_vue_dis-5d78a6.js?v=885ac999bf1e97cc1fd2 attach SourceMap
<s> [webpack.Progress] 92% sealing asset processing SourceMapDevToolPlugin memories-vendors-node_modules_nextcloud_dialogs_dist_chunks_preview_mjs-node_modules_nextcloud_vue_dis-5d78a6.js?v=885ac999bf1e97cc1fd2 attached SourceMap
<s> [webpack.Progress] 92% sealing asset processing SourceMapDevToolPlugin memories-vendors-node_modules_plyr_dist_plyr_css-node_modules_video_js_dist_video-js_min_css-node_modu-6a8efe.js?v=87ade0d51c3bb4158951 attach SourceMap
<s> [webpack.Progress] 92% sealing asset processing SourceMapDevToolPlugin memories-vendors-node_modules_plyr_dist_plyr_css-node_modules_video_js_dist_video-js_min_css-node_modu-6a8efe.js?v=87ade0d51c3bb4158951 attached SourceMap
<s> [webpack.Progress] 92% sealing asset processing SourceMapDevToolPlugin memories-vendors-node_modules_nextcloud_dialogs_dist_chunks_FilePicker_mjs-node_modules_nextcloud_vue_-2a6d5a.js?v=34ecff24ce0ff2421c7b attach SourceMap
<s> [webpack.Progress] 92% sealing asset processing SourceMapDevToolPlugin memories-vendors-node_modules_nextcloud_dialogs_dist_chunks_FilePicker_mjs-node_modules_nextcloud_vue_-2a6d5a.js?v=34ecff24ce0ff2421c7b attached SourceMap
<s> [webpack.Progress] 92% sealing asset processing SourceMapDevToolPlugin memories-vendors-node_modules_webworker-typed_dist_index_js-node_modules_workbox-expiration_index_mjs.js?v=1446587a492f187dd24a attach SourceMap
<s> [webpack.Progress] 92% sealing asset processing SourceMapDevToolPlugin memories-vendors-node_modules_webworker-typed_dist_index_js-node_modules_workbox-expiration_index_mjs.js?v=1446587a492f187dd24a attached SourceMap
<s> [webpack.Progress] 92% sealing asset processing SourceMapDevToolPlugin memories-vendors-node_modules_vue-leaflet_vue-leaflet_dist_vue-leaflet_es_js-node_modules_leaflet_dist-eb01f4.js?v=a7f660000c0f1744ee0c attach SourceMap
<s> [webpack.Progress] 92% sealing asset processing SourceMapDevToolPlugin memories-vendors-node_modules_vue-leaflet_vue-leaflet_dist_vue-leaflet_es_js-node_modules_leaflet_dist-eb01f4.js?v=a7f660000c0f1744ee0c attached SourceMap
<s> [webpack.Progress] 92% sealing asset processing SourceMapDevToolPlugin
<s> [webpack.Progress] 92% sealing asset processing SourceMapDevToolPlugin
<s> [webpack.Progress] 92% sealing asset processing SourceMapDevToolPlugin resolve sources
<s> [webpack.Progress] 92% sealing asset processing SourceMapDevToolPlugin
<s> [webpack.Progress] 92% sealing asset processing RealContentHashPlugin
<s> [webpack.Progress] 92% sealing asset processing RealContentHashPlugin
<s> [webpack.Progress] 92% sealing asset processing RealContentHashPlugin memories-_a687-_7beb.js?v=e3f5be4076f72a90d109 generate SourceMap
<s> [webpack.Progress] 92% sealing asset processing RealContentHashPlugin memories-_a687-_7beb.js?v=e3f5be4076f72a90d109 generated SourceMap
<s> [webpack.Progress] 92% sealing asset processing RealContentHashPlugin memories-node_modules_nextcloud_vue_dist_components_NcTextField_index_mjs.js?v=33bb5f65f894e249551b generate SourceMap
<s> [webpack.Progress] 92% sealing asset processing RealContentHashPlugin memories-node_modules_nextcloud_vue_dist_components_NcTextField_index_mjs.js?v=33bb5f65f894e249551b generated SourceMap
<s> [webpack.Progress] 92% sealing asset processing RealContentHashPlugin memories-node_modules_nextcloud_vue_dist_components_NcModal_index_mjs.js?v=03d16d3255410373ea62 generate SourceMap
<s> [webpack.Progress] 92% sealing asset processing RealContentHashPlugin memories-node_modules_nextcloud_vue_dist_components_NcModal_index_mjs.js?v=03d16d3255410373ea62 generated SourceMap
<s> [webpack.Progress] 92% sealing asset processing RealContentHashPlugin memories-node_modules_nextcloud_vue_dist_components_NcPopover_index_mjs.js?v=527efd11e1d9caeb192a generate SourceMap
<s> [webpack.Progress] 92% sealing asset processing RealContentHashPlugin memories-node_modules_nextcloud_vue_dist_components_NcPopover_index_mjs.js?v=527efd11e1d9caeb192a generated SourceMap
<s> [webpack.Progress] 92% sealing asset processing RealContentHashPlugin memories-node_modules_nextcloud_vue_dist_components_NcAvatar_index_mjs.js?v=825119e2424471928f6f generate SourceMap
<s> [webpack.Progress] 92% sealing asset processing RealContentHashPlugin memories-node_modules_nextcloud_vue_dist_components_NcAvatar_index_mjs.js?v=825119e2424471928f6f generated SourceMap
<s> [webpack.Progress] 92% sealing asset processing RealContentHashPlugin memories-node_modules_nextcloud_vue_dist_components_NcCheckboxRadioSwitch_index_mjs.js?v=e33a54f3113b235d507b generate SourceMap
<s> [webpack.Progress] 92% sealing asset processing RealContentHashPlugin memories-node_modules_nextcloud_vue_dist_components_NcCheckboxRadioSwitch_index_mjs.js?v=e33a54f3113b235d507b generated SourceMap
<s> [webpack.Progress] 92% sealing asset processing RealContentHashPlugin resolve sources
<s> [webpack.Progress] 92% sealing asset processing RealContentHashPlugin
<s> [webpack.Progress] 92% sealing asset processing InjectManifest
<s> [webpack.Progress] 92% sealing asset processing
<s> [webpack.Progress] 93% sealing after asset optimization
<s> [webpack.Progress] 93% sealing after asset optimization
<s> [webpack.Progress] 93% sealing recording
<s> [webpack.Progress] 93% sealing recording
<s> [webpack.Progress] 94% sealing after seal
<s> [webpack.Progress] 94% sealing after seal
<s> [webpack.Progress] 95% emitting emit
<s> [webpack.Progress] 95% emitting emit CleanPlugin
<s> [webpack.Progress] 95% emitting emit
<s> [webpack.Progress] 98% emitting after emit
<s> [webpack.Progress] 98% emitting after emit SizeLimitsPlugin
<s> [webpack.Progress] 98% emitting after emit
<s> [webpack.Progress] 99% done plugins
<s> [webpack.Progress] 99% done plugins
<s> [webpack.Progress] 99% 

<s> [webpack.Progress] 99% cache store build dependencies
<s> [webpack.Progress] 99% cache store build dependencies
<s> [webpack.Progress] 99% cache begin idle
<s> [webpack.Progress] 99% cache begin idle
<s> [webpack.Progress] 100% 

<s> [webpack.Progress] 99% cache shutdown
<s> [webpack.Progress] 99% cache shutdown
<s> [webpack.Progress] 100% 

assets by chunk 4.34 MiB (id hint: vendors)
  asset memories-vendors-node_modules_filerobot-image-editor_lib_index_js.js?v=c09fb56357eb25280421 1.55 MiB [emitted] [immutable] (id hint: vendors) 1 related asset
  asset memories-vendors-node_modules_plyr_dist_plyr_css-node_modules_video_js_dist_video-js_min_css-node_modu-6a8efe.js?v=7210ed76590b0cec74fe 967 KiB [emitted] [immutable] [minimized] (id hint: vendors) 2 related assets
  asset memories-vendors-node_modules_nextcloud_vue_dist_components_NcDateTimePicker_index_mjs.js?v=319e9a52e3dcda4502ed 329 KiB [emitted] [immutable] [minimized] (id hint: vendors) 1 related asset
  asset memories-vendors-node_modules_nextcloud_dialogs_dist_chunks_FilePicker_mjs-node_modules_nextcloud_vue_-2a6d5a.js?v=74dd31c5462fba6e705d 244 KiB [emitted] [immutable] [minimized] (id hint: vendors) 2 related assets
  asset memories-vendors-node_modules_nextcloud_vue_dist_chunks_NcProfileHoverCard_mjs.js?v=f3238b07c613f19e09f9 241 KiB [emitted] [immutable] [minimized] (id hint: vendors) 2 related assets
  asset memories-vendors-node_modules_vue-leaflet_vue-leaflet_dist_vue-leaflet_es_js-node_modules_leaflet_dist-eb01f4.js?v=f776d10c2b806182552f 218 KiB [emitted] [immutable] [minimized] (id hint: vendors) 2 related assets
  asset memories-vendors-node_modules_rehype-highlight_index_js.js?v=350397cb6260fd1c3736 172 KiB [emitted] [immutable] [minimized] (id hint: vendors) 1 related asset
  asset memories-vendors-node_modules_leaflet_dist_leaflet-src_esm_js.js?v=3fa4d733ec22f1061ea3 146 KiB [emitted] [immutable] [minimized] (id hint: vendors) 2 related assets
  asset memories-vendors-node_modules_nextcloud_files_dist_index_mjs.js?v=17947467b2f4300683d3 100 KiB [emitted] [immutable] [minimized] (id hint: vendors) 2 related assets
  asset memories-vendors-node_modules_nextcloud_vue_dist_chunks_NcSelect_mjs.js?v=65a1d4049daec445a4a0 91.5 KiB [emitted] [immutable] [minimized] (id hint: vendors) 2 related assets
  asset memories-vendors-node_modules_nextcloud_vue_dist_chunks_NcAvatar_mjs.js?v=ea3345aa05a71b9e6c65 57.2 KiB [emitted] [immutable] [minimized] (id hint: vendors) 1 related asset
  asset memories-vendors-node_modules_nextcloud_vue_dist_components_NcColorPicker_index_mjs.js?v=5e2f81f7918185207a9a 52.1 KiB [emitted] [immutable] [minimized] (id hint: vendors) 1 related asset
  + 12 assets
+ 109 assets
orphan modules 9.87 MiB [orphan] 3674 modules
runtime modules 31.5 KiB 33 modules
cacheable modules 17.7 MiB
  modules by path ../node_modules/ 14.8 MiB
    javascript modules 14.8 MiB 494 modules
    asset modules 8.69 KiB
      ../node_modules/leaflet/dist/images/marker-icon-2x.png 3.26 KiB [built] [code generated]
      + 4 modules
  modules by path ./ 2.89 MiB 127 modules
  min-document (ignored) 15 bytes [built] [code generated]
  data:application/font-woff;charset=utf-8;base64,d09GRgABAAAAABTs.. 7.04 KiB [built] [code generated]
  util (ignored) 15 bytes [built] [code generated]
  util (ignored) 15 bytes [built] [code generated]

LOG from InjectManifest
<i> The service worker at memories-service-worker.js will precache
<i>         270 URLs, totaling 41.5 MB.

webpack 5.104.1 compiled successfully in 31600 ms
